-0.008681708908909274,-0.03863020327383746,-0.0862805730942288,-0.14754353108800022
-0.22169939319786103,-0.2810879052490196,-0.2951131345514799,-0.275068536502042
-0.24872747047323518,-0.21963048165468102,-0.18826835792299512,-0.1749986235833223
-0.18426425702806348,-0.18488839706591875,-0.1603401570910421,-0.1381427813746825
-0.13809202140193833,-0.13641041709762547,-0.11436023418877639,-0.09494914388584164
-0.09571990110663364,-0.09309580811573426,-0.07058419930800852,-0.053803226591682574
-0.059700798522257514,-0.060667379967824786,-0.03779293906702463,-0.01919747720855014
-0.02607434040973544,-0.031606519207102224,-0.01336483457960469,0.004160145402565263
-0.0009679332478782499,-0.005860589813423189,0.010294024603680896,0.025383535496871446
0.019949744901921918,0.016477508701996157,0.033726561663556254,0.04825425123122784
0.04107389083350199,0.03614611327049033,0.052816718494568704,0.06688594606370657
0.05863559118486705,0.052126189132309264,0.06711586679037396,0.07980156922502601
0.07083812535941547,0.06402811207038894,0.07814557935512312,0.0890403426659816
0.07828488732010896,0.07068132448159758,0.08499334139762027,0.09618474552942757
0.08498145779898891,0.07648388069623024,0.09068802193610281,0.10279542342510695
0.0923417908119859,0.0835781446121473,0.09678404370549742,0.10776322855900844
0.0964555382916501,0.0871414640902799,0.09958854001959594,0.10926769746163245
0.0965791097936517,0.08635800071732547,0.09832438169914326,0.1076724167402574
0.0946568552927829,0.0839955419669991,0.09546859353218906,0.10457095136763428
0.09162263022648176,0.08115829271733332,0.09295950263847885,0.10244507813834502
0.08969525362491026,0.0793641142036563,0.09143038875404841,0.10092644508137028
0.08764708455348114,0.07652896760617978,0.08759200700328051,0.09577769292349103
0.08122239906938944,0.06921720904185236,0.07983120785956999,0.08802285150505895
0.07377570200708305,0.06198751005717895,0.07268187133826132,0.08111859231013341
0.0673121100957701,0.05589941617972727,0.06676664466024818,0.07518757401544462
0.06123075237096032,0.04983303343041712,0.06120206451436161,0.07028012115597448
0.05658248313309855,0.04497472550298198,0.05571651221310958,0.06383443976696412
0.04926102144943911,0.03712097323375474,0.04740176482690117,0.055026090003195804
0.04016594275643115,0.028038216016966544,0.038675870022387926,0.047022412243819645
0.03294605661898231,0.021366466787299032,0.03245102790080523,0.041253143461972286
0.02750216437391373,0.016161763424406672,0.027501155216583584,0.03635091373951127
0.022331952164819313,0.010718593462968329,0.021904883515730944,0.030498533107873982
0.016101983766674266,0.004089791723345115,0.014735803503299394,0.022752127007578338
0.00807231586284729,-0.003931492105792245,0.006901018490211186,0.0153837111774493
0.0013640871198532523,-0.009975910140553879,0.001701733769593261,0.011210830385280701
-0.0020088955316879265,-0.01292506650659675,-0.0011142259900367435,0.008164869070796499
-0.005542871009552641,-0.016801005798328106,-0.005118735025703813,0.003957854543315875
-0.010070057121723153,-0.0216074734014029,-0.010156783026559424,-0.0012361587499754023
-0.01523405000628486,-0.026704269432570982,-0.015372909469903107,-0.006566601496800217
-0.02042040548052171,-0.03142910814193556,-0.01915342385822072,-0.00907198612019755
-0.02191072351900658,-0.032375324435342634,-0.019801291116280595,-0.009675219314551953
-0.022743729674438384,-0.03350059039519948,-0.021364027088587534,-0.011979109817190192
-0.025805475776010667,-0.0370002486627925,-0.02498216301588485,-0.015457599486353502
-0.028968531433584133,-0.039938093228130356,-0.027871447409012262,-0.01818935221795215
-0.031294122903080535,-0.04174725362599219,-0.029067251853039267,-0.018720852316889136
-0.03133348334710462,-0.041391905269847484,-0.02814423737461169,-0.017290228585103762
-0.029796283272718327,-0.04004520875071904,-0.02726599953729192,-0.017237284928254937
-0.03059265765075203,-0.041387332036801894,-0.02899742202678013,-0.019277463377997073
-0.03272136404771331,-0.04340022678908717,-0.030654009610663557,-0.020239738002758134
-0.03287788515226209,-0.042971147777079555,-0.029842448815779132,-0.01913138897035971
-0.03157767619439511,-0.041440756677678436,-0.027866529474009027,-0.01676994795859521
-0.029199527355103783,-0.039241745940145734,-0.02589023889087727,-0.015184752045632521
-0.02810235639953973,-0.03861624770962635,-0.02592881600470598,-0.016007210605499367
-0.0294087108359804,-0.039985900342333736,-0.02698194063969339,-0.01635783416029213
-0.028941687631121482,-0.03889166189997795,-0.02530593889904509,-0.014041175517991888
-0.026141202959397702,-0.035811119461119034,-0.022082627904993046,-0.010966493565092605
-0.0235025549073562,-0.033527372252397214,-0.01994632192453949,-0.009031014476768462
-0.021907668937142688,-0.03231254839561615,-0.019195628850358304,-0.008754252892622105
-0.02187832966146175,-0.032376771815371796,-0.019413367965693595,-0.009034558352936983
-0.02197138585132663,-0.032042477165752814,-0.018217282855736983,-0.006641145968920625
-0.018627696456022136,-0.028248854733124773,-0.01431432828442425,-0.002960879075562417
-0.015422946837436058,-0.025448589640578945,-0.0118678917258066,-0.0010818653324200511
-0.014217920592628275,-0.024734779810145824,-0.011430454471529572,-0.0007539389489856774
-0.013847745819941082,-0.02435342768183446,-0.011198822664272967,-0.0006139646490233019
-0.013559105760808876,-0.023711141653130596,-0.00994274271842599,0.0014114709108277168
-0.01097260611761186,-0.020774213060750668,-0.006578320484841527,0.005099342086840153
-0.007350704097589755,-0.017483316193768417,-0.003900016817659946,0.006787503340508039
-0.006673976282403515,-0.017432048764494112,-0.004126253869760177,0.006486334938589522
-0.00691130624874603,-0.017598634408795277,-0.0042063377337342445,0.00668166946631743
-0.006289455217199702,-0.01659160602801535,-0.0028637867072127676,0.008319347896481588
-0.00449240138690854,-0.014610781535580486,-0.00042031527271291225,0.011222326748239198
-0.0015269651205898072,-0.011842748645818801,0.0020394088045847525,0.01312576674498267
-0.00030774327550453506,-0.011244730085497423,0.0018524735991807262,0.012007239126365477
-0.0020758926593753557,-0.013173488750862106,0.00030990440832567856,0.011354760168892142
-0.0017665817296688147,-0.012254635465586361,0.0015923747135193622,0.012949605562923239
4.501481276442121e-05,-0.010253332617258692,0.003834703023164465,0.015223132765164848
0.0019972920287063545,-0.008640758817556105,0.005278995682150622,0.01643385338085146
0.0028140566771064357,-0.008279026317032034,0.005044388453201876,0.015530568400025757
0.0014841327791312864,-0.009738966039403607,0.003614337107800125,0.01431321081735426
0.0006229765593381842,-0.010168798763184661,0.0038866792728846633,0.015493089370875346
0.002468121273436985,-0.008030038043484566,0.006088267874762465,0.017458266261013655
0.003936936321899509,-0.006966492436045968,0.006902082545159338,0.017908804147070967
0.00389534977028827,-0.007426349418119038,0.006125868777018262,0.016904404658917294
0.002807147175598601,-0.008583620185329988,0.00475061838631019,0.01534755414886213
0.001308715566433527,-0.009773438362926878,0.0042368544983197864,0.015775220587317396
0.002479007395455479,-0.00818992279664732,0.006145371886293383,0.01783867496792313
0.004379532255724516,-0.006620623744036935,0.0071460854901781445,0.01790835808525104
0.0034944667389105177,-0.008058084212927863,0.005596752375633729,0.016517316021351203
0.0023439887984193497,-0.009097798692254133,0.004510890878342111,0.015449225305194991
0.001472826083070089,-0.009672336974641316,0.004300486810735804,0.015599897012994246
0.0018338335975488507,-0.009113823337073945,0.005316037239859239,0.017099021609201112
0.0034588122113703157,-0.007665876384614412,0.006362901721011005,0.017469396748955368
0.003108142152019433,-0.008529254719131574,0.0050535297130250845,0.015708189086808988
0.0010647379691925418,-0.010635744028046235,0.0031232285696578543,0.014258068951931602
0.0002105227904911633,-0.011062283757220182,0.002998739963209762,0.014440645568688182
0.0006454725038295139,-0.010403214119571902,0.003959524107132295,0.015602886207280453
0.001728313830005379,-0.009479691602577556,0.004791463153444586,0.016229386990495698
0.001992920847018409,-0.009646700385138485,0.0039762224541370905,0.014618971637153644
-0.00016878622124005815,-0.011988352162796923,0.0017497303317592916,0.012813873244180929
-0.0014046614775290456,-0.012723592272387951,0.0015911046411694052,0.01336933865114176
-0.0002783562354869984,-0.011307216625131122,0.0030480111835908263,0.014556678652712263
0.00042740372154881356,-0.010918764774557554,0.003415859155327161,0.014911619019919997
0.0005925864998432284,-0.011079000536241224,0.002769365732446072,0.013725318903803324
-0.0009191824912202218,-0.012730238522973988,0.0009604517636094129,0.011848172445479963
-0.0026382962452081576,-0.014099342290824116,0.00026751214210181395,0.012114830775667301
-0.0015740166864985083,-0.012609360523803598,0.0019688453217294732,0.01380803155962923
-0.00012542537965676281,-0.011429154912216688,0.00283723495022542,0.014122661471422715
-0.000464901551303909,-0.01222960733055789,0.001785254195554642,0.012951323879554
-0.0016376907719751754,-0.013438067116257058,0.00038713506303800216,0.011428347961426444
-0.00303119537877905,-0.014540970196628367,-0.00028117814111328077,0.011337318599570101
-0.002622895546074089,-0.013744206336095521,0.001040210562532562,0.013184112444261986
-0.0005833898213258859,-0.01182429563807652,0.0025407829642893898,0.013904612671792105
-0.0007074431803144599,-0.01250718702824094,0.0015043931184990367,0.01258533526470118
-0.002184099199223022,-0.014025200602704624,7.269710411605956e-05,0.011472493086378988
-0.0028311038268495903,-0.014319401222523176,-4.734551385210395e-05,0.01146689144121349
-0.002729696400281645,-0.013992504337250855,0.0008073174018823348,0.012909794853018353
-0.0010379722734992214,-0.0123380832887241,0.0023034804712998014,0.014042176775603599
-0.00040918619065322126,-0.012192422070831821,0.0018195607683455517,0.01276915130421763
-0.002276424745501382,-0.014273653307367296,-0.00010544576332760514,0.011348718597772534
-0.0030761629963598214,-0.014599154472022313,6.8090190028513575e-06,0.011969612833365062
-0.0020373706519780654,-0.01329697055772705,0.0014457636002300767,0.013290521010146161
-0.00108124079145,-0.012584408353734755,0.002231071376644689,0.01415954236077921
-0.000362859818103356,-0.012218644361821962,0.001996965376889648,0.013183706236427284
-0.0018672118624558642,-0.013942851972458925,0.00021015416795133746,0.011508415035935915
-0.003258574116976831,-0.014957102385189991,-0.00017168405622580707,0.01200403957524232
-0.00204202239061102,-0.013352549820829562,0.0016183065880244207,0.013733905727379092
-0.0006217636063836629,-0.01219512843013515,0.0026234814835985887,0.014419103696157176
-0.00044080683860459047,-0.012438978889765195,0.002084176824500794,0.013631667251239321
-0.001393865760878299,-0.013546418588338494,0.0006805614017393324,0.011954333100389292
-0.003091591758634493,-0.014987138900615093,-0.00013816226314622426,0.01203567359928126
-0.0022606221304619645,-0.013693194121556562,0.0015807731909198708,0.014061159884864782
-0.0002559908400940891,-0.011895958456811684,0.0029920098586107002,0.014740841919929082
-0.00042928650897389176,-0.01263696807932968,0.0019928631883634473,0.013623898127058887
-0.0015894773765561254,-0.013841410831588963,0.0007240311785734477,0.012421191097048201
-0.0025424126124033997,-0.014518652460913994,0.00027607910938920455,0.012199588890959845
-0.0025723849204060123,-0.014267899573249032,0.0011638505075648453,0.013837565914889716
-0.0005630923017680978,-0.012288214763907845,0.0028257758811722766,0.014859259064813113
-0.0002827966209126842,-0.012561436028743156,0.0020500225771638014,0.013521361679969868
-0.002040817416033569,-0.014490026906803344,0.00021209463578442111,0.012086879285084784
-0.002921465687728997,-0.014948689774989532,7.1924067268192e-05,0.012299889911286943
-0.002383950344939212,-0.014114986893694503,0.001269586631892583,0.013746944744311484
-0.0009927615364562214,-0.012856567248101136,0.0025036390458614832,0.014844594332264371
-0.00024556758514959753,-0.012563275041808541,0.002134883329818482,0.013654673540534734
-0.0020396534300823888,-0.014613686967074546,6.535082264669256e-05,0.011832492268031292
-0.0034203362239857427,-0.015543916755024423,-0.0002745424719416967,0.012287451800835125
-0.002281938636086167,-0.014020975980573613,0.001398262442751541,0.0138387910487765
-0.0010818590137149364,-0.013070327762688017,0.0023260054560751975,0.014677830683574644
-0.000542373653528383,-0.012896500842160652,0.002089430782856283,0.0139912741188164
-0.0015459115352092212,-0.014116897477921775,0.0005301154995125401,0.012110122130055245
-0.003472580916319856,-0.01577030423287562,-0.00040633571329351525,0.012249054367345469
-0.002413087485330312,-0.014205102033385764,0.0014335444393962504,0.014157241094517214
-0.0006842268336466617,-0.012696235403128586,0.002684718928555263,0.014886581369363938
-0.0006313742023289493,-0.013143453548775774,0.001956761937215834,0.013988034321615217
-0.0016115272086927313,-0.014220298821700172,0.0006724524899777151,0.01257553719127591
-0.0029036409651617134,-0.015226371528191507,9.892042620762709e-05,0.012560707876419386
-0.0024468712894569755,-0.014389307561966547,0.001470706825325685,0.014455176248358903
-0.00038580218409700606,-0.012446840900998346,0.003079139084165572,0.015404815857536835
-0.00021484270606020317,-0.012852066071229462,0.0022177175132687132,0.014098744352066817
-0.0018235688370058512,-0.01458182707336153,0.0005489131361278154,0.012762140854615467
-0.0026627332103115187,-0.015026584828095935,0.00037928035537104776,0.0128725349322929
-0.0022972490681940627,-0.014382015675244553,0.001481187927675709,0.014407342311593574
-0.0006570650053432381,-0.012810176281229602,0.003006794571706717,0.015726936213843246
0.0002455154114984204,-0.012418661129580677,0.0026127564313447316,0.014318788307486674
-0.0019288434827462453,-0.014880176718608862,0.00029959386331501747,0.01255401367263742
-0.002997208241275029,-0.015430943899710226,0.00018738581214483574,0.012978386686678611
-0.002082350524242216,-0.014183772211506351,0.0016395651722835858,0.014405336083843423
-0.0009326775177034285,-0.013245499341031142,0.002611091683021094,0.015382312213948257
-0.0001727533143118798,-0.012857165650379976,0.0024371292919589393,0.014529320265934675
-0.0015070339519849263,-0.014417938272508035,0.0007121323915417754,0.01275617957225128
-0.003112182286136189,-0.015694171199128082,3.867588917882969e-05,0.012950789446122712
-0.0021685563310755995,-0.014332125742093194,0.0016187590762037907,0.014553933858003187
-0.0007596924903765512,-0.013140044461369627,0.0025914013061689722,0.015118211677266569
-0.0007250002703611536,-0.013510856939398241,0.001976114798662554,0.01435676789922713
-0.0015364871506200473,-0.014424930849934015,0.0007401203611561158,0.012806876264587874
-0.003111643875445491,-0.015762737971964924,-9.273798585685e-05,0.012713298955504992
-0.002543938821709002,-0.014744147659043083,0.0013802381544691933,0.014583754947745664
-0.0005616716025174107,-0.01289291417797056,0.002829400049248143,0.015274830442175258
-0.0006978636545720285,-0.01356460022571282,0.0018834237990090763,0.014178679471239075
-0.0018422637092947447,-0.014762803589976503,0.0005772999702551296,0.012914633817962873
-0.0028289534725742804,-0.015450410168134532,0.00011866032627194656,0.012718739681970348
-0.0027461132278014944,-0.015054239986991735,0.0010434242078152245,0.014237769928185706
-0.0009265932420521317,-0.01322794521837678,0.00269658564751718,0.015476692279419613
-0.00022613194682397086,-0.013035722440864594,0.002206712335953931,0.01414134405427303
-0.002176358552542279,-0.01521159777092329,0.00016552049868368002,0.012622539826309565
-0.003001698825658927,-0.015567474075224963,4.3658022365500315e-05,0.012754500988290118
-0.0025577155561482545,-0.014815121301478662,0.0011232612282099375,0.014062073686143872
-0.0012588024540989284,-0.013597318200977648,0.0023470775778773323,0.015221922344454297
-0.0003352333496136062,-0.013051764477395311,0.0022489300484336283,0.014315682752041647
-0.0018110406402263024,-0.014777316918880956,0.00041372074816470317,0.012576244304687956
-0.0032187201416600253,-0.01579935155223544,-9.910742106700177e-05,0.012798479854462474
-0.002299523830665562,-0.014488516663797135,0.0013063284277750054,0.014071195184973018
-0.0012842977444282866,-0.013639019137345665,0.00214270011862272,0.014851818581320675
-0.0007013710005931983,-0.013344161697964263,0.0020355789036383687,0.01430703007942824
-0.0015118546244275999,-0.014340073359585093,0.0006859664781749819,0.012628312515204243
-0.0032058815588398293,-0.015788334021015094,-0.00023511215386862183,0.012541746327633052
-0.0024876637142359215,-0.01456095448991579,0.0013400399736865909,0.014351344202077065
-0.0006421004163057464,-0.012837330064321473,0.002701156868989918,0.015026442743708845
-0.0007065382866029979,-0.013374373212149515,0.001957920646776412,0.014241091302970021
-0.0014329308208660685,-0.014149322948250082,0.0008963179105126173,0.012945991512556154
-0.0026453628079073643,-0.015115626321565753,0.0002191674663422627,0.012672817777161977
-0.0024874297954701613,-0.014561756379355376,0.001322842977499128,0.014393578840313864
-0.00042099174574214415,-0.012473469776628776,0.003153383601651849,0.01565576530131374
0.00017964990062990793,-0.012388667034409828,0.002708977971693005,0.014603572299477452
-0.001312938148214482,-0.014059320525341645,0.0011074433143519746,0.013381388438431951
-0.001983900815522799,-0.014356981880855213,0.0009297402403577459,0.013298577348429763
-0.0018895050005508507,-0.013991287124823226,0.0017350414393983993,0.014558827011542208
-0.0004302349592003596,-0.01251156476804749,0.003242740565117974,0.015984715961893103
0.0007271435107166768,-0.01175399403071764,0.00331247741524332,0.015134553182638566
-0.0008359646620818006,-0.013632756573011218,0.0014077436661674714,0.013486037331733147
-0.002045015091672431,-0.014462150322506417,0.0009612726552699069,0.013585973028967357
-0.0013911131499049212,-0.013469444651962315,0.002043439768583566,0.01454402513368458
-0.0006761024148245198,-0.012860487006437271,0.002830854276563599,0.015551013606237118
0.00033183576335593656,-0.01210738597524319,0.0030271369944618876,0.015022948229244992
-0.0007267508709609682,-0.01345735716747698,0.001390051226942246,0.013192767213960899
-0.002480522973281385,-0.01494541613815037,0.00041995241326264754,0.013051972110211585
-0.0018118438937069214,-0.01377798006463049,0.0018593798029353792,0.014597894610472784
-0.0003328385620191554,-0.01238173771420814,0.003172499144373342,0.015612292394657112
0.00019462001283465646,-0.012262756921066265,0.0030007493487782533,0.015168985585283234
-0.0004656378265437411,-0.013135374745748774,0.0017778216735149233,0.013626307581251718
-0.002053150780604307,-0.014551983607398178,0.0007015659430888999,0.01309051514008397
-0.0020391835120612267,-0.014078306034693178,0.0017658087804643952,0.01479192181399247
-4.106140636395139e-07,-0.01201422453551193,0.003597844087089852,0.016041296086894974
0.0005081558549333565,-0.012027158233766766,0.0032731139810411314,0.01541136646624941
-0.0004063569564360936,-0.013125087244733047,0.0021117731136994777,0.014348878310998847
-0.001235121082114654,-0.013738402353226542,0.001630119379866457,0.01397972213439802
-0.001483344309787471,-0.013703855277942933,0.002345306041328876,0.015482105599640694
0.000404167669675326,-0.011757326589583728,0.004258920410716294,0.017096506089506858
0.0014433953517752895,-0.011267200283209156,0.0041568780548156825,0.01619930320949914
-0.00019289436388758574,-0.013302067623413016,0.002089161218111757,0.01440586648132014
-0.0015827835183330752,-0.014391806733606016,0.0012538717586518255,0.013943589315226712
-0.001638734383604179,-0.014101206438530689,0.0019030173382217352,0.014867983220448078
-0.0006832478124147723,-0.013163815627029868,0.0029910726081354908,0.016045535598526603
0.0003105393200452111,-0.0125434683259531,0.0030081404321216088,0.015261941765332188
-0.0011268462728672435,-0.014358499896330923,0.0009076098021429946,0.013025100156700553
-0.003232040670647418,-0.01616392508194553,-0.0003499063800808111,0.012629862530003644
-0.0027873885442601942,-0.015212848952572688,0.0008194742386621323,0.013804276743361488
-0.0017694673074288847,-0.014281886912458353,0.0018257601760489628,0.014784273905527723
-0.0010560910965293768,-0.013908881384569138,0.0018360618421191521,0.014380832749516737
-0.0017952205133018317,-0.014941960158348033,0.0003193268560384155,0.012365633077025429
-0.003977496176544859,-0.016961155965254493,-0.0012085233738061696,0.011670027090501911
-0.003836383780555952,-0.016258830359685117,-5.9584245437172e-05,0.013215010694128226
-0.0020999931715619535,-0.014508729116540442,0.001531392170717849,0.014345508635889459
-0.0015916308612105023,-0.014463548651993063,0.0012861664032319808,0.013842412403866078
-0.0023065035883349516,-0.015373996635118292,0.00011155708168208989,0.012494137286883866
-0.003571908306467808,-0.01646757116661579,-0.0008670737930391859,0.011700579692284219
-0.004072628891090613,-0.016562033582732116,-0.0002339661421397743,0.01323135676143794
-0.001958502027327391,-0.01427386784584872,0.0019442378069109978,0.014966587496102246
-0.0008558181512845486,-0.01371281323982032,0.0019245266074845446,0.014201592101128924
-0.0022639684900518375,-0.015443712060482007,0.00021556620226315104,0.012854420525258536
-0.0030915072455548476,-0.015922215621660296,-0.00012985677494325998,0.012647009856642466
-0.003071730532498762,-0.015570526590267253,0.0007362332512079739,0.014012143696915391
-0.0015176481114242968,-0.013968944024064456,0.002507884439054031,0.01584620337791076
6.700452181451766e-05,-0.012812399168601107,0.0029923595992444874,0.015387643674777074
-0.0012178160282609873,-0.014515877899073715,0.0012014437239113995,0.013747062130649024
-0.0025697899186458706,-0.015565391427617481,0.0005861945501366428,0.013765188971623932
-0.001968114942015653,-0.014572536434183547,0.001867071243936369,0.015155073242478334
-0.0007252487705629029,-0.013414746215259399,0.0032270332364885412,0.016647613325248667
0.0005462013603216853,-0.012519382593682682,0.0036721298629442956,0.016481235670954053
-0.0002120520074684329,-0.013722845858399335,0.0019797797952523233,0.014314530389730074
-0.002579687969146871,-0.01595829643079716,0.00031525171428725685,0.013636487811066633
-0.0023121654429325567,-0.015110504842942518,0.0015402453074551126,0.01511270551479349
-0.0007973161552841113,-0.013605302471089153,0.003074163736751956,0.016441897211458834
3.770844728245848e-05,-0.013204844086457612,0.0032182887388474413,0.016312565258237655
-0.0004101261584539273,-0.013942471660617795,0.0021499878661543903,0.014923223327851343
-0.001928031561654553,-0.015344350045336075,0.0011000781559840078,0.014374124542350764
-0.0020449726651312616,-0.015048537171216125,0.0020788413927887994,0.016076113597787156
-3.480315836723591e-05,-0.013025608797563759,0.004006060909316211,0.01756868119692756
0.0007196221390430857,-0.012860992986606146,0.0037909388763504026,0.01691098164750615
-0.00042927017866611905,-0.014340113248835884,0.0022193049721526137,0.015454137103179999
-0.0016650496397603298,-0.015399425336207084,0.0012770215349560132,0.014665768707380789
-0.002265328930215027,-0.015691252982817705,0.00163075354110509,0.015771937616950282
-0.000765230678733797,-0.014060157013393582,0.00341623959638504,0.01751666470883695
0.0005957442395354562,-0.013193175724675488,0.003606997077973073,0.01672572017449081
-0.0011186280633794787,-0.01537956918935901,0.0014256982264795326,0.01487542715642487
-0.002547504291085634,-0.016507815563994388,0.0005570596867148225,0.014374237683551172
-0.0026581514963455177,-0.016261287053572104,0.0012068087001315675,0.015327288472083644
-0.0016874270959430504,-0.015289796850633586,0.0024442136445044227,0.01677844319862576
-0.0003902020858870259,-0.014366014671992389,0.002817472632691498,0.016376873450776763
-0.0015124026906851995,-0.015935722501491334,0.0009341186180851224,0.014284118204940022
-0.0036101039965004134,-0.017863525890155607,-0.0005718177799574065,0.013499729969532304
-0.003668510051135776,-0.01744676661436717,0.00016810500122943495,0.01446352362945369
-0.002652522893214382,-0.016419239331851188,0.0012683106225539476,0.015494332618002815
-0.0019265639692056524,-0.016003275438789544,0.0014707689723136852,0.015458653606877704
-0.0022225919550580286,-0.01660147743420559,0.0003452137376056541,0.013731197050445232
-0.004258652086963188,-0.018587238265260098,-0.001257292749790473,0.012820520914476496
-0.004454095994578466,-0.018222533089874204,-0.00026350077068126865,0.014478794656201721
-0.0024122261320025373,-0.016087108164111186,0.0017053327536906693,0.01587985865168573
-0.001794011543440277,-0.015994894572544105,0.0016051307811260074,0.015633366313731578
-0.002259256193882564,-0.016717981650732128,0.0005837046451784289,0.014394288153619428
-0.003498746123634433,-0.01784101381755754,-0.000412647013748213,0.013598210312988357
-0.004027407397709126,-0.018002160617633045,0.00010452620058298834,0.014934509422759312
-0.0021941702195480417,-0.01600839361850248,0.0021252188327167687,0.01673206806727734
-0.000875229827174806,-0.01515683663383438,0.002463753641373856,0.016354552597187322
-0.0019427418191506618,-0.01662101961677287,0.0008989006390933696,0.01492931026281763
-0.0030924080385430486,-0.017563997252833197,7.758999477935902e-05,0.014316687059352518
-0.003399027755334849,-0.017548306022732163,0.0004809664336047348,0.015104329033255759
-0.0024208197796298236,-0.016439062699871165,0.0019182810624940316,0.0168457093379768
-0.0006971089667304753,-0.015013459853848943,0.0027189878087696684,0.016710156533620513
-0.0016786386766609596,-0.016469668624019107,0.0010411051714145358,0.014994474951897097
-0.0032521804080714034,-0.017833713315095423,2.2371340005378215e-05,0.01456941488191088
-0.003039070482627082,-0.01718830024385465,0.0009034031436510048,0.015531322878746145
-0.0021363505649345527,-0.016255760084152193,0.0021249779504728394,0.017003913842525087
-0.0007366903193828378,-0.015131951404175226,0.002843922381275732,0.01715272279002722
-0.0011361877653017771,-0.01595220287092669,0.0015392191908212283,0.015364115390849697
-0.003139534668462396,-0.017878951933682607,1.6457404550251908e-06,0.014558037113177491
-0.0031715771007201354,-0.017367598032302922,0.0009643633912803651,0.015937836497109892
-0.0015650637168089787,-0.015705415618527674,0.0025259451768908647,0.01710989745965108
-0.0009678630290363976,-0.015521339011026036,0.00255083530647493,0.017040727259729493
-0.0011664024489044245,-0.01594993218126195,0.001684364851222142,0.01571559811266887
-0.002669656681317356,-0.01738449906171402,0.0004462939558860235,0.014833338056525314
-0.003125094735953571,-0.01741290211131874,0.001040067000585676,0.016170653607235685
-0.0013029493654790336,-0.015417598593784998,0.003017737510627949,0.017843711789098826
-0.00015477507456207462,-0.014706966253044573,0.0033521329210155493,0.017664898828900544
-0.0008665976671982101,-0.015771148418164405,0.0021200112076074085,0.01643745435922206
-0.0019423403724943,-0.016738185696298036,0.001125215941722324,0.015465191976044235
-0.0027334102494642742,-0.017209393461020905,0.0012180163534343258,0.016263118102596064
-0.0014497726018438684,-0.015691320798464137,0.0029295015696328974,0.018023110978398815
9.540705329547094e-05,-0.014515999841671512,0.003484125354195289,0.017675529995300643
-0.001064338616138194,-0.01613172932610052,0.0017030768666086438,0.01598891237653577
-0.002462184659696387,-0.017285479371898393,0.0007386636002384428,0.015372646465772632
-0.002601017341176348,-0.017048633461565377,0.001181331363699023,0.015904838905687946
-0.002066086429900693,-0.016425427156455452,0.002172387858879965,0.01731879541976067
-0.0005131839954830575,-0.015067762985031319,0.002981101284113885,0.017323590012050305
-0.001192094048486192,-0.01617974954921353,0.0014466072857661771,0.015427588388135627
-0.0031670286973377593,-0.01803941018615851,-0.00011907720088721874,0.014487014250978314
-0.003345736079557682,-0.017694085415404626,0.0005234260526443268,0.01537760580391967
-0.002257100434735815,-0.01646717501314221,0.0018334117719402965,0.0166074231532094
-0.001280711738722129,-0.015775406710888618,0.002216250098356909,0.01662660272766825
-0.0015667030486656852,-0.016383386254838594,0.0010370175531222436,0.014870628493914628
-0.0035081107776997467,-0.018256128704147834,-0.0006893092192179484,0.013562104803678476
-0.0041692004624216406,-0.018346401314234928,-0.00021445070278869327,0.014723348745308007
-0.002427716717313788,-0.01635584869702733,0.0016456312380257465,0.01613729565400801
-0.0015367140256167255,-0.015856463001004073,0.001797750195824399,0.01592121086686088
-0.002024100089153047,-0.016581882600803455,0.0007266333708127459,0.014627305068729585
-0.0031968723614229366,-0.01762358550550125,-0.00047676973033314307,0.013306955054818964
-0.004296845897193258,-0.018297684041777285,-0.00048278898118236935,0.014230438655665811
-0.0025650011716983334,-0.016174195493130594,0.001686291900590775,0.016211888559437115
-0.0008807666570572747,-0.014816450459633979,0.002496177515610376,0.016232754674572414
-0.0015291285474543503,-0.015844497397081936,0.0012715066442114953,0.015044789318033436
-0.002435153591446859,-0.016530329674674382,0.0006174074894174097,0.014518748499955159
-0.0026081727562881074,-0.016296474981420284,0.001263748022766853,0.015573393462097629
-0.0012821767491038027,-0.014772280967082274,0.003096410152185314,0.017648866183897383
0.0007430143995938998,-0.01304158016660173,0.00423839420626182,0.017919619349413107
0.00022670507087818592,-0.014056677119401062,0.0028378030556592826,0.016263509070738813
-0.001423401917773237,-0.015554915550978876,0.0016477591586401275,0.015682987450009733
-0.0012860873463065303,-0.014908307578519686,0.0026118866900262105,0.01686551663228064
-1.068405323367827e-05,-0.013526911382220952,0.004247539976589554,0.01864885190790133
0.00160277947499754,-0.012200488614316551,0.005271587773667541,0.019224261578647983
0.0016718976894791737,-0.012607055163076364,0.004203118588248067,0.01739951544253593
-0.0006022143359838417,-0.014929714541658257,0.002208124712518522,0.016116800733049885
-0.0010857869457328029,-0.014836798796115769,0.0028065789968256816,0.017255706140533622
0.0004306094984807274,-0.01315546671244272,0.004475930345608781,0.01862222440185457
0.0012733361065038196,-0.012730866379406347,0.004665320926720895,0.01857540883890918
0.0009470261445998496,-0.013369899733061796,0.0036039277014681126,0.017128646977528916
-0.0006128895191426231,-0.014910708288705887,0.0019991892551773915,0.015539573253192884
-0.001970322584009754,-0.015861483960757816,0.0017789995222261545,0.016299213831594717
-0.00045276115896264457,-0.01402207902992858,0.0036137114455914165,0.01783699280702189
0.0006194525990355082,-0.013342309962745436,0.003900377974217939,0.01757328944213654
-0.00019071903186818062,-0.014526897699470354,0.002479642653612224,0.016095422610511
-0.0015198193147094585,-0.01573907494957094,0.0012194535727263478,0.01486564835639026
-0.0024955804532145187,-0.01633871651589658,0.0011450777777546328,0.015422667116149924
-0.0014702149571470535,-0.015032772380451753,0.002739880406481543,0.01719277115454121
0.0001924401681825394,-0.013693821858192567,0.0034432827517636433,0.016944936201943595
-0.000914731594170437,-0.015289153240846787,0.001638725509421679,0.015170791683708273
-0.0024535920396431266,-0.01661929092774761,0.0004638837493842196,0.014327344425543398
-0.0028047245277984523,-0.01655009699569243,0.0008415911294390455,0.014945312044789993
-0.0020570598107321203,-0.01565900678624299,0.002071643319443872,0.016496102349464525
-0.0004843455532195229,-0.014294175482272076,0.003044998507240937,0.016863000545555007
-0.0007170373401699237,-0.014993570231309095,0.0017794809686486612,0.014985368108384689
-0.0029232550218947218,-0.017182401512841672,-2.7084644369068656e-05,0.013953793777020218
-0.003108398632943654,-0.016807192290639428,0.0007016718878765094,0.014973801292536448
-0.0019065752124571844,-0.015469864614376272,0.0021881829770771244,0.01641626103122218
-0.0007817502779736696,-0.014671415510861818,0.0027574323712895588,0.01669703779009102
-0.0008511965921240705,-0.015105390960243659,0.0018252912979946911,0.015243137479777236
-0.0025612575067928134,-0.01682053978851783,0.00024275669165352287,0.013992397259757205
-0.0033541914623607116,-0.017156414170684586,0.0005219250309349555,0.015020524001375324
-0.0017899768301058439,-0.015383482701061824,0.002248059501991362,0.016406380724706127
-0.0009235732459064172,-0.014927162908347502,0.00240504117335949,0.016209312736707226
-0.0014848819586871231,-0.01578827221173934,0.0012722875384081345,0.014927571260566652
-0.002695896731687547,-0.016926100664075405,2.420441698880449e-05,0.01361295310482527
-0.003844232599584871,-0.017724885612139488,-0.00015642701755692184,0.014262608561541538
-0.0025375832689717506,-0.016076475940732186,0.001688366583643637,0.016126094471674943
-0.0008833152709385172,-0.014764859814103082,0.002377181846663884,0.01587526409889717
-0.001985061885771411,-0.01632745058643645,0.0007000587689189597,0.014375646915998491
-0.0031321219850637405,-0.017266312734319333,-0.0002587896777775933,0.01348093187808208
-0.003728612575458534,-0.017492851547690924,-9.812746635096126e-05,0.014045073348683879
-0.0028754233725795664,-0.01642196031698595,0.0013137306223068301,0.015776262197064295
-0.0010985389567695347,-0.01485989359258233,0.002376001523360205,0.01607353885523144
-0.001503848217274395,-0.01571902398751651,0.0011259760275544317,0.014496635161738547
-0.00317186452364826,-0.017313290350255806,-0.0002548288786777264,0.013602690039734244
-0.003441249474795516,-0.01713440431524771,0.00018371461523741806,0.01425745455041555
-0.002613142050942041,-0.01615296427348878,0.0013667240970116623,0.015562708582761597
-0.0013928560778554422,-0.015109167310201899,0.002220912544018794,0.016147400934482997
-0.0011108793242563253,-0.015192021188651345,0.0014793107294735208,0.014628719010620517
-0.003072975698042102,-0.01722320018462334,-0.00034606222976121814,0.013352685458416252
-0.003637428390726033,-0.01722222887372052,0.00018403518129207763,0.014499917030396936
-0.001987061545706617,-0.015341478554128915,0.0019728801092634488,0.01585443352009236
-0.0012051104826543702,-0.014931378488208302,0.0022626432048880596,0.016069005074188458
-0.0011266601363396078,-0.015106647884649438,0.0016365919227957215,0.014996912431352927
-0.0023549863029316553,-0.016330457117026576,0.00035325334864982905,0.013741616282828495
-0.0033674458286860887,-0.016958700088231637,0.00036183247344279135,0.014608974448373613
-0.0018126767567759328,-0.015073800163704132,0.0023419592916384957,0.016457309443796975
-0.0002822678484207808,-0.01386652306926961,0.0031408537015865656,0.01663068664950118
-0.0007378736087628734,-0.014721981064412692,0.0020875115028127222,0.015551486835990502
-0.0016886639168485207,-0.015596074039109564,0.00112840487144783,0.014572785550361123
-0.0024728379373027964,-0.016065645335204715,0.0010983023894431954,0.015079237366047105
-0.001555753653051939,-0.014851909559137622,0.0027299327738981027,0.01708966027522707
0.0005098048162173185,-0.013015118598350028,0.004014935857876711,0.017468548685434904
-3.136324605357288e-06,-0.014068261723496178,0.0026874550992423973,0.016022688967699983
-0.0014167512298575158,-0.015404973072585149,0.001485100822097074,0.015167241626844241
-0.0017875173837123004,-0.015402133516691174,0.0017031663534179398,0.015526238765050104
-0.001346186995481391,-0.01479914689047912,0.0027315574519120034,0.017009138776374222
0.0002718015307399124,-0.013325709695594323,0.003869839424218924,0.01759852430416564
0.00028209413393565086,-0.013775991581453928,0.0028936657969154123,0.01604467192461212
-0.0016200501328313965,-0.015734854952363264,0.001155636293094231,0.014847590784577314
-0.002166131717906694,-0.015787588054216428,0.0015318591210462529,0.015675915520730666
-0.001006467945161127,-0.014449066861546678,0.0029210436222533165,0.016867092298189723
-0.00022658007194453766,-0.013968952203555318,0.003348853234899307,0.017261932981688988
5.236975634259622e-06,-0.014035984052635508,0.002764432657326621,0.016075183338629895
-0.0015442003524530623,-0.01567724631198497,0.0011646871667403413,0.014683586762872958
-0.0025929922633015634,-0.016331821874357666,0.0011216453599973697,0.015440283841610447
-0.0012258231885736715,-0.014674620671347949,0.0028595446797632373,0.016995573742830672
-7.417363297268498e-05,-0.013858415563998472,0.003425135162333781,0.017168277057031056
-0.0003921399320274688,-0.014554222650958737,0.0024845800215043123,0.016087911617650663
-0.0014860507477951201,-0.01568383890741315,0.0011489208683861385,0.014576587034128619
-0.0029363217775489336,-0.016840037046425393,0.0006105643776163072,0.014895994322372319
-0.001930629259860872,-0.01545058278093886,0.0022908632978324572,0.01671724070713021
-0.00024239349835912527,-0.014043528058566457,0.00321119298085646,0.01684168981780912
-0.0009309234225874652,-0.01523611288854268,0.0018014879042153042,0.015413346212078655
-0.0022360839635480745,-0.016452496866385835,0.0005979191463569844,0.014353297753120442
-0.002965367555130771,-0.01685233324110963,0.0004522545259840749,0.014434050506599405
-0.002715159307805748,-0.016378280432044368,0.0014325290088088583,0.015992655125658062
-0.0009043996693096634,-0.014681790692751218,0.002678559531155922,0.01648529608455085
-0.0011515896787599456,-0.015426328351287322,0.001504359386605203,0.01490497536889035
-0.002936337204922479,-0.017230455260531574,-0.00014885221299110185,0.013695322286983447
-0.0035429853686496093,-0.017380391019848673,2.0627553641849872e-05,0.014187013704878515
-0.0027720324619199266,-0.01637774271245751,0.0012747138737635444,0.015567253089828204
-0.0015133347523703655,-0.015328825773354371,0.002103406376210426,0.016063432363328856
-0.0014071172129137555,-0.015608904166683368,0.0012994392679162026,0.014700316748583742
-0.003063307931643555,-0.017313831102839794,-0.0003273869028850296,0.013381555438424009
-0.003894415445770738,-0.01766380185360439,-9.243119307145164e-05,0.014332559562355573
-0.002385302005421419,-0.015911262112580538,0.001601345309537816,0.0156595320329993
-0.0015723902465356598,-0.015449202180034316,0.0019226375700145404,0.015850905270279103
-0.0015748110420563677,-0.01568678705137727,0.0013826760052753073,0.015043726444752048
-0.002456540835186871,-0.01662123247446412,0.00015752068957786136,0.013504649576557837
-0.004030969922344418,-0.017920374282229146,-0.0004340658084489579,0.013977875997782219
-0.0026495822463321606,-0.01608957070575645,0.0015269369704902225,0.015843087371355535
-0.0010399861353007633,-0.014743365976246703,0.002489210869399905,0.016153033659606852
-0.001416017871224251,-0.015568745752054913,0.00142913905895925,0.01503426011497444
-0.002436144148051267,-0.01655387754991977,0.00030284986297268723,0.013865994829800998
-0.003371650166278717,-0.01713199483977701,0.00016424112932000856,0.014258411031469742
-0.0025375759976508094,-0.015963405609358938,0.0017570487304584548,0.01622549893277958
-0.0005068157172805066,-0.014136416409046504,0.0031018241137006353,0.016780273593253958
-0.0007407830336499943,-0.014902311095939424,0.001930726528635962,0.015298427140407411
-0.0023172620595749427,-0.016440903017505226,0.0005337098803341322,0.01429974954526364
-0.0027486101808420482,-0.016435259247673084,0.0008031592987717273,0.014786296476043626
-0.0020871062427650633,-0.015561477845046301,0.0020759245027372752,0.016440830088093578
-0.00035671141192483713,-0.013965684281237567,0.003441055864537107,0.01739080290111232
8.949644946384255e-05,-0.014000109288692157,0.0027395881519078277,0.015890382106317248
-0.0019415972529660125,-0.016169754733822164,0.0007836355219770358,0.014517262986010096
-0.0025999949850691456,-0.016304642031691047,0.00106916293157433,0.01527207189316232
-0.001452565272407641,-0.014901581741232267,0.002631573215038069,0.016772397556151453
-0.00026134914675790544,-0.01398127277910255,0.0034439520670447865,0.01742767770415643
0.0001002179769419298,-0.013989022857572475,0.002918478576907191,0.016328348750101473
-0.001342528699993406,-0.01555657709673719,0.0012682749336550003,0.014733411859187306
-0.0026744468812765487,-0.016501874446492037,0.0009606632383496461,0.015297343939588759
-0.001397349020060168,-0.01486114281833506,0.0027283792309751864,0.016947570339626516
-7.61456267874272e-05,-0.013857649470683742,0.0034071933426286782,0.01712904577366242
-0.00044670400440455227,-0.014626796075491832,0.002399082689143295,0.016032940922671546
-0.0014749716284711,-0.015655831008837218,0.0011187722513237852,0.01452043129477193
-0.0029279035142538157,-0.016811190200388626,0.0005129794610885807,0.014681951422896189
-0.0021095604399195,-0.015584948157384426,0.0020980076182432472,0.016535931867268983
-0.00024539891077896003,-0.013939065838858178,0.0032064045654517925,0.016759787132499093
-0.0008779414889122372,-0.015083028111107677,0.0018267272753636488,0.015340425372238842
-0.002172754172910296,-0.01630043883146065,0.0005682772559275073,0.014186261169907788
-0.002977763241929887,-0.01673624943466584,0.0004395509691302313,0.014378797303758184
-0.0025021110697814875,-0.0159810883994837,0.0016509113188635793,0.016060444353198366
-0.0006488733395234592,-0.014226394995752623,0.0031011556446306487,0.016952572795822907
-0.0003744976844338721,-0.014465300864127617,0.0022375353625844197,0.015373181647929501
-0.0024123748729507066,-0.01661349448181898,0.00030910409660483973,0.014047037331539114
-0.002988804615682017,-0.016672561874594982,0.000554024068174841,0.014585659159495834
-0.002174578224190482,-0.01560797033197836,0.001898339105991298,0.01607636870547091
-0.0008065574339982118,-0.014428645611663016,0.002960982313153615,0.016936797803026205
-0.00027638771927585015,-0.014293986956723737,0.0025129756366632505,0.015803398142698266
-0.001852713988696686,-0.016018702644828686,0.000792890033389948,0.014293844979857917
-0.002971731178776582,-0.016726915474743254,0.000618323576315416,0.014824503922783006
-0.001847108313834056,-0.01526564864262503,0.0022510012871714835,0.016416705177741686
-0.000518575710471314,-0.014175120403440267,0.00319902211780998,0.01709894135862461
-0.0002457142180058991,-0.014270291009284397,0.0027862217096131237,0.016385759734119654
-0.0011480203851808035,-0.015350146846006274,0.0013247715108040126,0.0145431557309606
-0.0030669833015971593,-0.017012869512669726,0.0003526631373961253,0.014628089672808542
-0.0020548882742120744,-0.015466524502884327,0.002233650911338869,0.016659215520276827
-0.00013698003053919106,-0.01379868156381936,0.0034300991548849025,0.017028250722527533
-0.0006529439765951828,-0.014863002747464299,0.002196093924028225,0.015874083536813716
-0.001622498715818349,-0.015795700460653983,0.0010534950397635134,0.014573453773563144
-0.0027918950222539096,-0.016651341201916317,0.0006168328534212897,0.014630999650487433
-0.002334008288707029,-0.01587334864097803,0.0018602231567541178,0.016340712387096015
-0.0004731733492085166,-0.014148515931383103,0.003210597182093461,0.017039362541945116
-0.00046907881668693113,-0.014636373897656783,0.0023065736458868814,0.015727457430953086
-0.002024206636457873,-0.01625782705807205,0.0007704487602278598,0.014520353611378725
-0.0027511499779463156,-0.016619540136906974,0.0006373506231069082,0.014621666480340412
-0.0024183792929268477,-0.016047037702067446,0.0015695279732332312,0.015893723930982345
-0.0010557690279473508,-0.014748049396485302,0.002779980476574073,0.01687897920936804
-0.00042806614943033394,-0.014529480993754063,0.00237264899480108,0.015684165606031697
-0.0021865084335402907,-0.01649694353619202,0.00047566063462189945,0.01416095971250897
-0.0031715764420090498,-0.017026886679456232,0.000412710113704029,0.014690683659977666
-0.002119071015410978,-0.015674909093972345,0.0018368590731934198,0.015920827022536166
-0.0012621655558608391,-0.015035748515183578,0.0025643965174350636,0.016759639024874096
-0.0005220201095684773,-0.014584494865832742,0.002509031734309386,0.016075896267551015
-0.0016521737055170127,-0.015930563024311173,0.0009866626213295149,0.014468270638475778
-0.003143607194719289,-0.017125242561917497,0.00040292344110859357,0.014776502288216475
-0.0020772954995728066,-0.01565322348273379,0.002052623029949352,0.016386856595066113
-0.000712139927603106,-0.014525038425217796,0.0029517189684987732,0.016861784603057983
-0.0007814734373389198,-0.015025023989675979,0.002151659652564253,0.01586385305384075
-0.0018421522556610892,-0.016180031271538664,0.0007090433643242022,0.014197984214210813
-0.0034196825105059503,-0.017480657627934937,-0.00016311539328750513,0.013959451749666285
-0.0030416668870104635,-0.016648150568926212,0.0011532714758348828,0.015747988423978287
-0.001043954394266966,-0.014720768876251067,0.002703960384375592,0.016574107781329506
-0.0009951615244995216,-0.015176590739475748,0.0019453117503470674,0.015586484094656239
-0.0021009334713476546,-0.016335074479557732,0.0007616948025106485,0.014539295562765786
-0.0028283513088550594,-0.01676496526917881,0.0005198453912916845,0.01446630169755092
-0.002730173114731005,-0.01639965787896036,0.0014420362195047831,0.016019813150795814
-0.0008774155858523036,-0.014570335636580833,0.003049745461336073,0.017154197010221917
-0.00033260435966031565,-0.014535533704622572,0.002498709475847072,0.015912623462414954
-0.0020763959675588195,-0.016490477175419738,0.0005873093190242873,0.014370126476058842
-0.003059467535098892,-0.01704156290175307,0.0003622831808788307,0.014554304659349704
-0.0024525275248352685,-0.016103228359521382,0.0015737224547051065,0.01589445347275653
-0.0012093558046988306,-0.014980520019032606,0.0026906678141205287,0.016929074075572204
-0.0004351296325337817,-0.01458220089625284,0.002503679755448518,0.016023140839261263
-0.0018470233970302452,-0.016237421538916386,0.0006793663194686328,0.01419644962800104
-0.0034232724841065654,-0.017429576848779993,0.00011176162288917268,0.014529220930731168
-0.0022866830165110263,-0.015853625001858718,0.001821875192317135,0.016108526911747134
-0.0010210567031574413,-0.014814531790055985,0.0027764224383627356,0.01687242721227533
-0.0006160986424579296,-0.014777248218285188,0.0024580884672851244,0.016216054096240717
-0.0014751090395633826,-0.015812041739821647,0.0010478274916081443,0.014437710198399678
-0.0033061642498614097,-0.017390445635967478,6.984433334822349e-05,0.01437611702326902
-0.0025367854228973696,-0.016121315283823212,0.0016805261848407693,0.016202240267711
-0.0007225254614355858,-0.014454793165023294,0.0030321892733879974,0.016942638964696666
-0.0006879764185023229,-0.01490710160431874,0.002306721869042294,0.016055165714456088
-0.0016337058342806854,-0.01592182855525237,0.0011249483925205306,0.014806822686956322
-0.002703370630908253,-0.016741435550678474,0.0005156823546187961,0.014456465355469572
-0.0027661466263917966,-0.016467522380189892,0.0013846816895354275,0.016029938479404593
-0.0007911842275876713,-0.014471895854315131,0.003077456897641939,0.017101420064996764
-0.0004119649897765254,-0.014602057307166239,0.0024779917861535994,0.015989423234095496
-0.0018873827300541213,-0.016243362554895224,0.0008369344427047454,0.014621890355079048
-0.0027806371112610584,-0.016756631065829697,0.0005762190825191749,0.014658835954503402
-0.002412770828506716,-0.01606399083584298,0.0016627449227206714,0.016072927409303606
-0.0009358026969227551,-0.014641408296864056,0.0030697329517195837,0.01733302210223933
-1.688176115111073e-05,-0.014169456364470784,0.0028479031014470857,0.0162347363635489
-0.0017606564814591358,-0.016189613576042317,0.0008099206368368667,0.01447583848289434
-0.00303031441628554,-0.017013353486914226,0.000465295372213112,0.014780725788539298
-0.002114267352739743,-0.01571757574175514,0.0019337489180144968,0.01619327765584644
-0.0009570299924393996,-0.014743111522592764,0.0029228306969710446,0.017148309222669775
-0.000232856357288605,-0.01435609498109314,0.0028535082830919503,0.016544970065026292
-0.0012144992169981425,-0.015587418635550562,0.0012506128639632984,0.014597427638670776
-0.003203697164877617,-0.017311310875279047,0.0001955105142369684,0.014583834803386443
-0.002273429485815732,-0.015857802279432745,0.0018787218869169252,0.01629135132037173
-0.0007268812434121294,-0.014480042596616467,0.0030719390512960326,0.017077224659325048
-0.0004982969132430598,-0.014697928851636028,0.0025415410919018416,0.016308731022244123
-0.0013948025952672319,-0.0157244209953274,0.0012423767336046526,0.014802850769665532
-0.0028217325272932164,-0.016882780160407455,0.000499204223744578,0.014635335132535277
-0.0024547793065783606,-0.016099521041296937,0.0017808657761364116,0.016397998049380323
-0.0005110807792945704,-0.014244323510934576,0.003307189777867356,0.017280616687017664
-0.0003631927918317443,-0.014625010565129711,0.002532140357172131,0.01615203465543002
-0.001709295336335747,-0.016072255444929417,0.001064696233445588,0.014878566038866354
-0.002590908424491438,-0.01661932851520221,0.000725497971041527,0.014757879812540682
-0.0024703736918195857,-0.01620103976194403,0.0016550543926892869,0.016237155779230735
-0.0007444173863964121,-0.014469603094894368,0.003308404864062739,0.01760671156376134
0.00016015155191324154,-0.014060491841661762,0.0030138485366581064,0.016399580569817884
-0.001754860508052361,-0.016261615240675903,0.0009175791584733195,0.014778037177964165
-0.0027512607291785562,-0.016807202349689687,0.000700906588270156,0.014964897479485872
-0.0021561333629148693,-0.01588336800658499,0.0019133920278343597,0.016309069732641124
-0.0009343316152712056,-0.014783719976965787,0.0030816157983619696,0.017490667926002623
2.2415565512301505e-05,-0.01420048172708227,0.003102162514401513,0.016794931887043424
-0.001228358340877811,-0.0157313730364137,0.0014038557495050785,0.015061552243728626
-0.0027988866340412644,-0.016993472089139372,0.0007146717405450143,0.015202345167252607
-0.00193826044258949,-0.015726240136346215,0.002183486573517135,0.01666194221865175
-0.0007039725996680346,-0.014691362453584211,0.0031148636516988293,0.017350093150298507
-0.00043708727814972814,-0.014807864554132522,0.0027087449940257358,0.016696820221192343
-0.0012545875328067169,-0.015801666878074494,0.0013494024551248263,0.014975399037570503
-0.0030516209955810947,-0.01739443830820553,0.00026334583369902465,0.014672311697665363
-0.002633620765735145,-0.01649628024461658,0.0016034460624707592,0.01639334769246259
-0.0007935282274184052,-0.014761999961153793,0.0029732036429185316,0.01704883200840024
-0.0009342976027665317,-0.015414566026144993,0.002092673005267609,0.016073857497436173
-0.0019294231634421344,-0.016485122172198885,0.0008167046145735046,0.014689799290425465
-0.0031574416253943305,-0.01745662688942118,0.00010458925962830712,0.014314564417543307
-0.0031788419743781215,-0.017127758743004984,0.0009616680881630035,0.015761846997854212
-0.001419273108681507,-0.015352255382073965,0.0025454334865171457,0.016897754821883604
-0.0008438753758452933,-0.015248798092900362,0.0021216025880206324,0.01584280604890953
-0.0023698290497267127,-0.016985092131401203,0.0003877643027185851,0.014388268369979418
-0.0033563831406973055,-0.017610359188646507,-1.2777777203876184e-05,0.014270886013798334
-0.003133045255925726,-0.017083941962956928,0.0008060463888277525,0.015314353228188082
-0.0020478357748161535,-0.01600528262236023,0.0019982011568369096,0.016580730605513905
-0.0009034696234528905,-0.015187608159824784,0.002150190602366875,0.015837141686165568
-0.0023239350686561355,-0.016914554549560812,0.0003355935203219751,0.014171795287085232
-0.0036301283661530626,-0.017846414330490168,-0.00012865146019591656,0.014387682166090654
-0.002753757591652528,-0.016575044761482083,0.0012644064152846912,0.015662605665398788
-0.0017418821665240447,-0.015698345067067354,0.002243753104977264,0.016714300098072954
-0.0008402963331732849,-0.01509965260802848,0.0023898684343306442,0.01631294794185989
-0.0016478932283980896,-0.016172592205041747,0.0009734511668401113,0.014599762572319208
-0.0033785103239272196,-0.017672949048295084,6.898286772027973e-06,0.014482710956023603
-0.002690954776381038,-0.01648186608483526,0.0015432527843129984,0.016239217329233613
-0.0009284515274242677,-0.014842786943846331,0.002891840143282254,0.017002345185820444
-0.000852955085756002,-0.015232431640125332,0.0022938348125605135,0.016335278399975506
-0.001516464661232786,-0.015992256310033537,0.0012024827202385957,0.014938505075406616
-0.002910922014280226,-0.017175655007514945,0.00034445189603060644,0.014556961858778417
-0.002807095440492513,-0.016665544153315004,0.0013730124313433567,0.01615385676418496
-0.0008996871820493579,-0.014741557532777338,0.003065577222020055,0.017321368413259042
-0.00036069706574903826,-0.014671474864352774,0.002730587661471051,0.016537239309883434
-0.0014914187060521278,-0.015984047801476775,0.0013654914514567573,0.015327523613398342
-0.0023656088407382203,-0.016594508150285736,0.0008631290408701864,0.014954098064517723
-0.0025237885242380687,-0.016455513900501345,0.0014917216344007833,0.016137758603598118
-0.0010304849967372048,-0.014883886933169901,0.0030651772151126105,0.01754755936947562
3.605247393532324e-05,-0.014245515552856074,0.003029873361594347,0.016624413914516217
-0.0015806608561314446,-0.016191283265245972,0.001032790512648915,0.014891262395859188
-0.0028312014355282786,-0.017048840344058888,0.0004946299607923865,0.01481767810426425
-0.002375091593943973,-0.01622997537813145,0.0014470735064331386,0.015715340573709435
-0.0016421324473401833,-0.01555527950636984,0.0023184735189363537,0.016826553674043565
-0.0005006260689802977,-0.01465260449294667,0.002647407411768332,0.01639292028198347
-0.001493534720300116,-0.015933642715198926,0.0011146736388691347,0.014707210356174283
-0.0030815180260560515,-0.01725363671796848,0.00029131267790361015,0.014664744586791845
-0.0023655032494552253,-0.01607371979156469,0.0017080972130129046,0.016148182151339563
-0.0009762667347407716,-0.014774442690470346,0.0029474542502433976,0.017148478647170506
-0.0003962096730464326,-0.014575887265914078,0.0028328371535031316,0.016729267736156905
-0.0010441582437463737,-0.015451657649202089,0.0015538178052423302,0.015074761941198167
-0.002761204044504084,-0.01698846721087577,0.0004024025917148677,0.01456678302418446
-0.002599633991857031,-0.0163238169690888,0.001581258401391894,0.01626365243036776
-0.0006285982841052196,-0.014339394631513347,0.0033245736419612593,0.01742968786339516
-0.000167857783857861,-0.014374267108672734,0.002981271526270368,0.016809459361079693
-0.0010078607563515085,-0.015374844542976107,0.0018382068479334546,0.015658632876165535
-0.0019644382086432266,-0.016123608428632807,0.0011869023824474523,0.015111862333480164
-0.0023350872702608827,-0.016179783263595815,0.001777200273481494,0.01648995610829762
-0.0004876271629229434,-0.014224699091155313,0.003634785981252775,0.017985537502271942
0.00046717527948403337,-0.013750124543067344,0.0035821258300163805,0.017246361541000566
-0.0008707131746980012,-0.015394939373247651,0.001921592190788357,0.015845802501760597
-0.0018711165365297155,-0.016088253539994324,0.0014591048635523851,0.01568452020417077
-0.0017022442135570248,-0.015595332241703286,0.0023463153330675057,0.016887571865941364
-0.0004569442321634698,-0.014360063751478247,0.0037528697307398495,0.01837713347600123
0.0008055495322629724,-0.013495829958272032,0.004019558222733477,0.017817760949704775
-0.00048223750493625595,-0.015190576535896783,0.0021327465200568496,0.015921592346298086
-0.002205480720845032,-0.016634234741233545,0.001205980833001219,0.0157814129591064
-0.0016266143542377764,-0.015625312022571752,0.0024349211657900827,0.01701572827984532
-0.0006000847589649749,-0.014718518426234686,0.003472527989510199,0.018108247907875838
0.0002480758420434631,-0.014219765766536802,0.003607802048786357,0.017794814704641643
-0.0004835771814453438,-0.01528837788535542,0.002097948074855749,0.01582659560527505
-0.002650542211171669,-0.017307320270463333,0.0006645464628519671,0.015334463289186417
-0.002293840878883735,-0.016421481988018183,0.0019649661222723713,0.01693166044548866
-0.000668034529893835,-0.014873598469660632,0.003388666288856368,0.017941751339839218
-0.00030986970633595234,-0.015022611506577466,0.0029594883816430606,0.017273312043642353
-0.0012140447962760703,-0.016155291703427332,0.0015489688719834138,0.015664095880330464
-0.0027907673028535473,-0.017547085588345723,0.00044318340764770703,0.014970369338542344
-0.0030742362098725717,-0.017431480289711532,0.001178502948968596,0.016395120671132135
-0.001293545409024377,-0.01560692043175238,0.002871446290231061,0.017662883081616343
-0.0006516987160773979,-0.015502629278417057,0.0024478684353095304,0.01660358457792732
-0.0022451044397580056,-0.017367765385658096,0.000576292783605048,0.015013219474329986
-0.003389502531272459,-0.018192998038710773,-0.00010835925290475501,0.014491406041368116
-0.0036662056262612985,-0.01814878901513506,0.00043130408382507923,0.015554424515067389
-0.0023488503766166957,-0.016766498753952863,0.0018937214866086016,0.01696943614302482
-0.001210206343362774,-0.016054865140830543,0.0018832063800475751,0.015987764345732902
-0.002961727915308021,-0.01816049742015524,-0.00025723745124839326,0.014125165440332488
-0.004345981569662261,-0.019156599855003176,-0.0009275800159915804,0.013931068605895547
-0.004003331450837866,-0.018416464901075624,6.419949617919585e-05,0.015025312608291763
-0.0029732508016437897,-0.017413569695237552,0.0012378332326226094,0.0163386807003989
-0.0017642356800129377,-0.016484941249336416,0.001704302831936122,0.01618092663538251
-0.002441643612935973,-0.017504115673344423,0.00029079666259335113,0.014394601434545073
-0.004331084974927624,-0.019193587272126944,-0.0008003561134084514,0.014269435095771943
-0.0035568445349678512,-0.017883775407292468,0.0008035811327902209,0.015980272346494573
-0.0019441712715275727,-0.016355444193317137,0.0023263130604274096,0.0172872573341607
-0.001117563832659485,-0.015969459538705877,0.002398308653087433,0.017041837020510986
-0.0016619721789070674,-0.016790809989727595,0.001206779968848437,0.015521313909955481
-0.00324903732758397,-0.01822612514389066,0.00010562035363026467,0.014958491147097686
-0.0032653080235509613,-0.01779705633977713,0.00108354726221771,0.0165244258591275
-0.0013878387317052265,-0.015904593452379157,0.002747434469413612,0.017650684571358433
-0.0009304354913099999,-0.015942458127408354,0.002357881278167273,0.016926992328058166
-0.001910933204549714,-0.017083648985140254,0.0011275978402225384,0.015783131556926122
-0.0027792773734733878,-0.01773459710966252,0.0004922470054049555,0.015140243027901068
-0.0033104109646959756,-0.017969140718157472,0.0009008153383192052,0.01636136731085891
-0.0015623891208256246,-0.016037279776043523,0.0028554765385644387,0.018108663195452568
-0.0002323376398520871,-0.01517617437539398,0.003012771603005948,0.017282104711501933
-0.0018960251019226604,-0.01723416955885604,0.0009964394240573604,0.015689915400044274
-0.0029121494226487243,-0.017883936963155378,0.0005025783708858533,0.015421242216673736
-0.0028349406297860646,-0.017448282277893856,0.0013050779627321596,0.0165081778167262
-0.0016797341341030503,-0.016269990553488878,0.0026665216857391094,0.018004240767041324
-0.0003138384052159271,-0.01523984511272336,0.0031151611244155664,0.01766484357392506
-0.001302760397623226,-0.016582400305019895,0.0015491123967639187,0.016005616358613972
-0.002847032765878943,-0.017879005726421537,0.00069840822385836,0.015846516627401552
-0.0023395995341874976,-0.016943541883572832,0.0019019200557535143,0.01716741615971218
-0.0010481361692826763,-0.015555478972104853,0.003573577403316097,0.018928055229931573
0.0004581113461712416,-0.014406795007942064,0.004306957660578092,0.019112025867057625
9.220342483495791e-05,-0.015309635394485266,0.002732960283984509,0.016899544500312835
-0.0023900991153238405,-0.017525328334164092,0.001336858764277249,0.016593045944712115
-0.0017546902761140792,-0.016097513441321487,0.0035632975521224797,0.019398142850740818
0.0012715830167886466,-0.01306906232855054,0.00618343309036673,0.02102333033674242
0.0018192113049582126,-0.013155357208268992,0.00573933939400173,0.020183020929492423
0.0005846506601836499,-0.014752848741824254,0.0037362382321295406,0.01789404631233915
-0.0016833931783217793,-0.01679719571201188,0.0019858780982675572,0.01652223911605888
-0.002546956891186669,-0.01688237755107691,0.002981104679996349,0.018491026068048644
-3.827726598526482e-05,-0.014149035248959052,0.005611376857528327,0.020546528594052038
0.001247209826241047,-0.013578536102226924,0.005287597691057577,0.01913841529421889
-0.000988873224251563,-0.0161756498984591,0.0026751486878064945,0.01678016129767279
-0.002940202508670442,-0.017793492139090983,0.0012854768310281983,0.01567650736685655
-0.003602788143161728,-0.017827216093504017,0.00198655105010781,0.016938294865057824
-0.002026781320243476,-0.01589229557284977,0.00433438255958718,0.01937701442280071
0.00011295185166115829,-0.014369819705175146,0.004726141537643613,0.018315502102604242
-0.002043848955887828,-0.017002809061599677,0.0019889713297600586,0.015710188487144894
-0.004312115204648137,-0.018804866375748297,0.0008098487890659811,0.015298219983754358
-0.003971930222698816,-0.017865197241264674,0.0020657702789081966,0.016517219895248125
-0.0028625340757741924,-0.016514416163714962,0.0038973844206759978,0.018554043803240106
-0.0010131432978903732,-0.015110921053137716,0.004486362217112294,0.018067301788149415
-0.0023579955469266167,-0.017017926773879033,0.0020086954396418832,0.015099419279446913
-0.005428393834644218,-0.01973916508921203,7.146818143421996e-05,0.014232721411130633
-0.005274463960168063,-0.018750939167018643,0.0017455406164135212,0.016329603147767102
-0.0030095060673369645,-0.016408029166792737,0.0038934528915959277,0.01779596244353776
-0.0023606439442929172,-0.016292426866821863,0.0036629503700469357,0.01720349324421111
-0.0033038882822449267,-0.017673658350847,0.0016275464010249152,0.014600322057499504
-0.006049221628430246,-0.020212294813921616,-0.00048075546259163104,0.01313235700544535
-0.006780488932569995,-0.020125170816761795,0.0005904700228569482,0.01512215190554489
-0.004222003301481259,-0.01735051399916987,0.00316780961116514,0.017051641465418044
-0.0030478324514637833,-0.016806763448146356,0.002994382509626803,0.01605440354586296
-0.004669094486240866,-0.018793510734191443,0.0007972343432145479,0.013900522343567978
-0.006553851383290343,-0.020522436025374624,-0.0009725185690090399,0.012222387647197408
-0.00782253171849856,-0.021075945091884485,-0.0005130571651132954,0.013736300740947449
-0.00555560988263526,-0.01837473650839616,0.002343527379468746,0.016394734679647804
-0.0033401079308292836,-0.016826611650211376,0.0027692311724178964,0.015461945151336032
-0.005270636443609256,-0.019241469837178116,0.00022958354780566737,0.013167562012247558
-0.007084785360440549,-0.02067003071404816,-0.0008807912957609076,0.012575454730403557
-0.006995938206023844,-0.019987892662861384,0.00018630795913576748,0.013834519668820988
-0.005589030614769008,-0.018208119583683846,0.0025563079496553343,0.016618406504327332
-0.002807128348269572,-0.015898072529026308,0.003830315494826486,0.01658749694491668
-0.0038206969297078786,-0.017496348378077897,0.0017571253399886189,0.014218753369032555
-0.006138841741922363,-0.019485254936957297,0.000397986433883446,0.013792196413135116
-0.0056130460431402796,-0.018217409226750192,0.00219412830864929,0.015893877414202784
-0.0033392704937025286,-0.01570113308391541,0.004894417789513383,0.018398665824809868
-0.0013013784901465542,-0.014119656220708876,0.005941835851758448,0.018748754755558927
-0.0016017003636128457,-0.015035341331481877,0.004241354369370232,0.01632776000209546
-0.004304906773356709,-0.017576240362136453,0.0022348264553766484,0.015159299025700346
-0.004572330612355735,-0.01697113462963884,0.003775236222110845,0.017517408712350857
-0.001725912389024753,-0.013920656942707055,0.006644792243512665,0.019702189189274133
-0.00037462304362545495,-0.013175565673802403,0.006875270330652938,0.019341248948268053
-0.0012703377746365874,-0.014512630918320113,0.005118254575001924,0.01733652592149104
-0.0032587279168052596,-0.01646714071396138,0.00309656966176286,0.015381214560596046
-0.004847986078381883,-0.017300995465377333,0.0034748889323421572,0.017058875613488844
-0.0022946721311294382,-0.014363872931804078,0.006370827363041398,0.019488359993927507
-0.0005187392483483322,-0.013277667863101028,0.006514438470726525,0.018498433861902974
-0.0023996742695131523,-0.015663300991758167,0.00392825640696115,0.01606322483875422
-0.004468602609871031,-0.017516193731541563,0.0021510217481681693,0.014571041565625276
-0.005402130778540792,-0.01778232070193342,0.00260618027099202,0.01569458023189063
-0.003783624671399144,-0.015723402236542894,0.00509192275314696,0.018350100444182393
-0.0013222579413820768,-0.013851625190197225,0.005833303287080538,0.01770215759199467
-0.003020376811647685,-0.01617670029113638,0.003082818619787542,0.014830810605213296
-0.005661497909167368,-0.018451260261972635,0.0013596588569235735,0.013986271374293757
-0.005553611382898116,-0.017651309438322715,0.0025595979170388583,0.015388977426441297
-0.004002051787563299,-0.015788574325838578,0.004840478553794658,0.017843952936009266
-0.001723640429124762,-0.01392812831423984,0.006001599091285503,0.018121267832791665
-0.0022035471675488916,-0.015103156559881425,0.003938279558890367,0.015258755702215687
-0.005366700742208075,-0.018049940658018848,0.0017119073787861816,0.014165001997304943
-0.0053370947300034055,-0.017169778080316417,0.0032829574131795214,0.016282022481586444
-0.002870862228104114,-0.014460546052683876,0.006014187070054189,0.018594986483237458
-0.0011982542534223761,-0.01329607247298617,0.006727942957839267,0.01875688064484962
-0.0015815436128992777,-0.01421838847647841,0.005160998613408241,0.01665385566952937
-0.0038598747143981926,-0.016419086422292062,0.0031780824255008278,0.015086559783318576
-0.004841780836643439,-0.01660810316099781,0.0040839328174233636,0.01707844831087918
-0.0021606438753152823,-0.013610821641299953,0.007031768531494953,0.019503986077175406
-0.0004771600589357772,-0.012622274772326803,0.00720008076094969,0.018687461345851142
-0.002099801835502124,-0.01468999315716335,0.004999300841590781,0.016650441404156557
-0.0038291500943476997,-0.01629066744012725,0.0033248891808025927,0.015016876720731875
-0.005134411729349864,-0.01695209332115727,0.0036244138613800714,0.016293100418478257
-0.003198171797179461,-0.014565620381701117,0.006356687508958181,0.019045285236234333
-0.0008036190987072978,-0.012869882495023272,0.006836535181323322,0.01800980506850189
-0.003015563441256225,-0.01567449124699205,0.0038902603212126324,0.015304064802796086
-0.005301794233224022,-0.017673456695214133,0.0021355506023470125,0.014039239176570524
-0.005900960084091161,-0.017659756245655592,0.0026696482763603757,0.014982197278011006
-0.004658063670186369,-0.01602593317437792,0.004823864285934343,0.017454181537830182
-0.0022616444922059775,-0.014069151249836431,0.005923488885670125,0.017458299073398242
-0.003167411874406889,-0.015707477533570213,0.003475839529434699,0.014351939238639977
-0.006468522967990886,-0.018764855044660744,0.001136782813012771,0.013166999307930083
-0.006510731512843648,-0.01802611589097375,0.002380438937162388,0.014759206276064696
-0.004667120627520005,-0.015892526419740816,0.004749218248873366,0.017019013014204665
-0.002811509176110505,-0.01448254826954376,0.00565109712412637,0.017297485526678646
-0.0031282114967867702,-0.015414831633530413,0.003940478141716164,0.014915819616370007
-0.005765472152976181,-0.017974145249864737,0.0017252995146219696,0.013344189526890649
-0.006567158824213437,-0.017959449843961806,0.00273248940163906,0.015331374429498612
-0.003950420006843092,-0.015104108994052678,0.005407562646411845,0.017376040982105878
-0.0026635905423426642,-0.01437662634045811,0.005670532651135485,0.01712541731896844
-0.003391687689626721,-0.015542811361906272,0.004071400727827523,0.015281646952065686
-0.005222459456039497,-0.01736232008746874,0.0021750806570388637,0.013471206637929667
-0.006661021230539355,-0.01811109188603699,0.0025114575795620597,0.014996935893498708
-0.00429107365273762,-0.015260237972744117,0.0055718621469611485,0.017884851435078897
-0.001878245028849257,-0.013530466229207727,0.006206179452289962,0.017135118624050816
-0.003734691952992475,-0.01593222706320918,0.003755570503660044,0.015026113410787745
-0.005399226865107409,-0.017417930979884866,0.0022533451487845024,0.01368778517844682
-0.006304756825095126,-0.017735562839756636,0.0026440080243985697,0.014749935553791671
-0.004772801797811477,-0.015760362073531597,0.005148155957745648,0.017561173130866692
-0.002080815943647951,-0.013582433802467153,0.0063600540093692315,0.017536628987331326
-0.0031290263028584953,-0.015305620440992929,0.004133840920512388,0.015024837942191005
-0.005645035592934278,-0.017636856118932287,0.002263142025529019,0.013949910519148179
-0.005894472496530523,-0.01729916196188741,0.0030089488980251655,0.014992869580877644
-0.0046371591145924485,-0.01573177435608447,0.004995887206220351,0.017190640812596192
-0.002581683822759917,-0.014035521930935213,0.00614639456835131,0.017642282382105412
-0.0028049855162279314,-0.014965204863274517,0.004325766517680962,0.015028114621468802
-0.005785621719377687,-0.017909732460055727,0.001836208092470315,0.01341369842483231
-0.0064493263162594405,-0.017753601540060338,0.0028580040917136618,0.015294610616872484
-0.003998473216887011,-0.015129899412579306,0.005181777391787101,0.016874457103335905
-0.0032186389541377647,-0.014816136206044384,0.005336357925045276,0.01694107131444006
-0.0033379547380709695,-0.015392525276481106,0.004037468709845393,0.015046115512949848
-0.00544806418167737,-0.017548374867268957,0.001888267811098271,0.013130467829254533
-0.006891940032357963,-0.01829868512822408,0.002199880237084617,0.014653759712021791
-0.0044966708141506995,-0.015492227935034006,0.0050436218458069365,0.017175358935010335
-0.0024811704959615006,-0.014016326047456628,0.00578904286949454,0.016995516403062738
-0.003465416591598769,-0.015534765823966595,0.003972039443524741,0.015156965763378466
-0.005167073404570205,-0.017263704599485175,0.002071474867461315,0.01331174054111342
-0.006638703725916045,-0.01817062184118501,0.0019562510681635503,0.01410778354708131
-0.005105003824244669,-0.016054465979689847,0.004629979058503542,0.017114169291528425
-0.0021719613584790243,-0.01363770570842604,0.005988571407872678,0.01710659479645149
-0.003296806284957099,-0.015435684832201035,0.0038342531532694624,0.014908817057329937
-0.00531824882168741,-0.01729232711211437,0.0022203003761832596,0.013837210975090386
-0.005709494887147115,-0.01716997194697245,0.0026615401123006865,0.014501152782036342
-0.004825623716795846,-0.015843257251310194,0.004709933485325668,0.017146881065418507
-0.002047177801929312,-0.013401423366074638,0.006374571779310667,0.017781455172357186
-0.0023181871948889654,-0.014425654035575164,0.004542445358412639,0.015265807637513618
-0.005136631115091328,-0.01720358130924038,0.0021978872361025914,0.013786551885363485
-0.005679371421594137,-0.017048485069860897,0.0029396181518073217,0.015098725184932826
-0.003908316971471537,-0.014915539169060299,0.00529719951205454,0.017355648457829886
-0.002013771183826618,-0.01338697569590308,0.006458981276644238,0.018036636274583406
-0.0018799772109689972,-0.013911311446386465,0.00508700403781126,0.015914573953890176
-0.004377514355630829,-0.016539423288304045,0.0025146209161193145,0.013733130491894396
-0.00592918037328638,-0.017306627329704893,0.0028646125973832426,0.015347344389836648
-0.0034041194642135952,-0.014367387768866813,0.00578149860149435,0.01781412343737676
-0.001571254649488818,-0.013041570216299814,0.006653509094517673,0.018108089955990447
-0.0018950302344680203,-0.013910892911995543,0.0053391804485931615,0.016546699332506076
-0.0035325501455316655,-0.015723854316273655,0.0032046217347847517,0.0142697816067332
-0.005595023472094063,-0.017171332072401846,0.002880481430988624,0.015278493658285708
-0.003597887813369116,-0.0145940753893532,0.005805467850616086,0.01822262702632793
-0.0009754505494021792,-0.012520343062279782,0.0069854011898784485,0.018211644688369777
-0.002041171062342695,-0.0142444331039151,0.004951835028647711,0.016169508066349092
-0.0039401203510358584,-0.016096930394728037,0.003116882447235625,0.014599309843503772
-0.005029825817776334,-0.016707245250976666,0.0029590443800566746,0.014878769521239565
-0.004351951173214186,-0.015468914439508819,0.005027092328089955,0.017645282437861676
-0.0013921456370817875,-0.012853678884007014,0.006749048675017466,0.01813412328342623
-0.0019736005252604105,-0.014183933358461243,0.004786771300578474,0.015694371606287172
-0.004603088065492811,-0.016768124342793955,0.0025473768708985656,0.01417152135191424
-0.00531463601066573,-0.016842868203063466,0.003002755243686206,0.015105923322100034
-0.003982019297320338,-0.01506023385743016,0.005273840352563397,0.01756947880484261
-0.0016990193171426693,-0.013066151324611974,0.00688919860952808,0.018580709011785768
-0.0014011015749146871,-0.013564760930731001,0.005364127213348446,0.016049130734830497
-0.004510536851382474,-0.01677096362316055,0.002515541615733863,0.013972867807173994
-0.005709658115752081,-0.017166470482253615,0.003019749815316164,0.015403556063482648
-0.0036076643558187182,-0.014671011245509957,0.005610044646448431,0.017649818384063654
-0.0019373624034759729,-0.013411286924621235,0.00659372004348846,0.018228884139599333
-0.0018863457301901976,-0.013934962800660977,0.005428719168173224,0.01650784264763616
-0.003919894473180308,-0.01620451033214465,0.002881891082130217,0.013864746712047626
-0.006315078790944895,-0.017899259505684884,0.0024841349723373485,0.014990268268073426
-0.004084170247186214,-0.01509084200686528,0.0054884920600789255,0.017764640748213267
-0.0018137782314206485,-0.013327874547895524,0.006607108199007894,0.01795296213704778
-0.0025560083049862292,-0.014715837703200507,0.004856968817345209,0.016073968580301246
-0.0044399846763251705,-0.016690763032663092,0.002736262727983163,0.014020531452841267
-0.006147277202775303,-0.01782169742221229,0.002449795095931684,0.014642819110661676
-0.004843757380881497,-0.01591714856836879,0.0050287420173985575,0.017625430366850603
-0.0019563802555517817,-0.013515725556368152,0.006505613041554614,0.017820042006773562
-0.0029251527852038883,-0.015264085045560982,0.004249015847666682,0.015295505333188908
-0.005493654727774411,-0.017769629908557905,0.0020074505338367743,0.01365000261341165
-0.0064338765617479865,-0.018151346715480354,0.0020830902398523143,0.014130957628097907
-0.005610920406840414,-0.016846299775432394,0.0040813893500435405,0.016634215737937552
-0.0030594681211546515,-0.014557632856706526,0.005848204323795292,0.017612327515410753
-0.0029176319119672556,-0.015278632798018776,0.004043721906882958,0.014754863670988883
-0.0063712674639959666,-0.01879173777855314,0.0010336930341754424,0.012744030640205573
-0.007343758152774438,-0.019016981639639496,0.0014396065856638884,0.013787401024973445
-0.005772977659326273,-0.01702613219687832,0.0037066219117805055,0.01598460835578841
-0.003925104473293306,-0.015498481522457919,0.004963186615107418,0.016843355450873787
-0.003590882119430816,-0.015843678282277285,0.003721958925466673,0.014781826552883626
-0.0060882462417932715,-0.01850577576313306,0.0010712749492371998,0.012451881569853995
-0.007849723137701936,-0.01952745406387013,0.0011162127176485015,0.013720742156960064
-0.005663023836642189,-0.01685112680770695,0.003917046925663303,0.016249709924189837
-0.00362646530926769,-0.015275278052470309,0.004969302405652076,0.01659889345768395
-0.0039762515026779965,-0.01617575492515888,0.003661405267158191,0.015093218568356992
-0.0055137681124382,-0.01786694688186552,0.0016484438472597063,0.012940828902281876
-0.007437996713969497,-0.01920357300313258,0.0013200297821520657,0.013803187602590583
-0.005649330468301628,-0.01676483595857592,0.0042920937784374225,0.017012642104793585
-0.0026041111797701078,-0.014223685633339311,0.005857556899353966,0.017234927720862103
-0.003552476441900154,-0.01585866208143738,0.003937076874009016,0.015329543500599563
-0.005316574474268254,-0.017620733545795186,0.002109022498502089,0.01368982164870225
-0.00650754887947258,-0.018305320933984515,0.0019785390976632122,0.014142559368782948
-0.005548583297738219,-0.016778184112740124,0.004245512954309971,0.016983287192886998
-0.0025907408723795378,-0.014113661029850899,0.0062099586407575735,0.017938870592699052
-0.002584850223702251,-0.014889630952366284,0.004636142391253539,0.01566903927105856
-0.005216657698037475,-0.01756874685516241,0.0022625043930264432,0.01400126405442692
-0.006079294390394674,-0.017808712446895747,0.0025683593720688958,0.014860286621779961
-0.004750874755253154,-0.016057486550351996,0.004690715572544191,0.017080465018048274
-0.0027153890458373464,-0.014210097221725837,0.006387142831956849,0.018467922749282772
-0.0018219799372320988,-0.014039159883582286,0.005503480863429333,0.01650560331405382
-0.004446024819459993,-0.01686965429573606,0.0028495003749470227,0.014397254300867468
-0.00585957435778639,-0.017556610235922587,0.003107838700102228,0.01571433491831742
-0.003751114301592806,-0.01503419173009335,0.005661762855614039,0.017870322873590028
-0.0021606434928763685,-0.013784019438409012,0.006752153136760142,0.018681528712326978
-0.0018037352367438197,-0.014010460692848281,0.005820525093793272,0.017124999318494427
-0.003724823645693265,-0.016196600838226494,0.0033725376422372166,0.014639169742778402
-0.0059246479110561245,-0.017772033652360353,0.0028921514903662016,0.015477481542776395
-0.004071305505873646,-0.015286436277992421,0.005770188378815377,0.018394541948556997
-0.001456901999849991,-0.013163487953172626,0.007078509354707885,0.018554258453709893
-0.0023538953803997065,-0.01470507678903088,0.005285075909148118,0.016800599198126154
-0.0039838838577351265,-0.01642442782477027,0.003307455164071771,0.014767013975078791
-0.005744755382371458,-0.017676273943026732,0.002810489078976852,0.01512262079267196
-0.004705341909540084,-0.01601066284808006,0.0052072959057812285,0.01804470589341628
-0.001724990336111898,-0.013360536987038762,0.0071116905775988615,0.018845694795119827
-0.001968339352533488,-0.014365414215654237,0.005480059031653051,0.016716888912899852
-0.004358356740893521,-0.016808255422092133,0.0032516066756607676,0.01503542773413924
-0.00539985731195336,-0.017375165214471355,0.003052118911056667,0.015195118454531142
-0.004881998202416693,-0.016336539806621586,0.0048282150393405,0.017545670727809493
-0.0023846392121929516,-0.013967898348695607,0.006848538492034706,0.018934603315170773
-0.0017454647344921081,-0.014149733176157087,0.005607230426291188,0.0166130334512834
-0.004751451735926726,-0.017362170583471115,0.0026564367947090606,0.014364763699516114
-0.006181464353688049,-0.01808866524168362,0.00269595142911927,0.015255116892214149
-0.004610771718051021,-0.016101404470265424,0.00480125793076458,0.017091624823228013
-0.00322271039737132,-0.01493518287487261,0.005989402568797764,0.01821139514399117
-0.0024317649204858016,-0.014782826316382947,0.0051855390473275476,0.016462226360739907
-0.004757908661344623,-0.017399114438908514,0.002441560015363331,0.013876632211185624
-0.006916695396590011,-0.018908365247895187,0.0019702999488924178,0.01466466298543434
-0.005141286377725818,-0.016551252367305702,0.004600022808209037,0.01720823807805738
-0.0029276135961973093,-0.014669335015368379,0.006041082115295859,0.017938403440146633
-0.00296650365140283,-0.015323988541640965,0.004896860280358073,0.016454762676402224
-0.004637264181869494,-0.017265102155601397,0.0025461065594474253,0.013902549153502974
-0.007001349764044207,-0.019120224986169276,0.0015705689248100008,0.014038567071758656
-0.005907187179463591,-0.017241066599972044,0.004226455603355106,0.01722998740149828
-0.002642538590694299,-0.0143346808741045,0.0062445055742090805,0.017926868696296783
-0.0031568361594664918,-0.015613945376559357,0.004540790024421426,0.01603666443334184
-0.005083651281460266,-0.017608030910564176,0.0025140324016232896,0.014265125954209035
-0.0063681208908104026,-0.018412228089840665,0.002174227964440556,0.014407419435275015
-0.005766845267705545,-0.017201433483734485,0.004238641082559891,0.017162976007595088
-0.0028150925464223153,-0.01444916357270043,0.006436643788488183,0.018477235098229627
-0.002409450997486795,-0.014859815321782266,0.005116445237149048,0.01628561480604218
-0.005118434106605729,-0.017697609336942755,0.0025354150597560743,0.014357162844932825
-0.006283404854022789,-0.018251579369904736,0.0025524763754056767,0.014988143239991425
-0.005116563488131165,-0.016645651016454543,0.004473663970520292,0.01693310533885306
-0.0033663571967670336,-0.01496774672303447,0.006232465091294381,0.018619450664467463
-0.00203268010439861,-0.014327516435132193,0.005733178505827663,0.016871723680489392
-0.004609664303052874,-0.017263933695660594,0.0027637714724837448,0.014216254615856627
-0.00671731221642613,-0.01867867150656033,0.0023719887002873197,0.01506842938987818
-0.004858611667071688,-0.016234670897061987,0.005002040078116554,0.01746461288416623
-0.0028801039078956148,-0.014494329931880046,0.006589347941967194,0.0186603040754012
-0.002276454857926824,-0.014509758023962593,0.005925100911441605,0.017407665510061898
-0.003929640591832095,-0.01655938386966871,0.0033545147063629432,0.014504841519495493
-0.006722905187730888,-0.018776151822474496,0.00224794495568692,0.014792151052789748
-0.005294984770867872,-0.016594498920658562,0.0049347044127634465,0.017653894983181484
-0.002566598595950209,-0.014113814651826706,0.0069297010176925244,0.018786051653844282
-0.0023798424106225013,-0.014738200046890748,0.0055239444823496076,0.01671421255712069
-0.004824718450730847,-0.01735810328773746,0.0029081487366873215,0.014455487125663025
-0.006457033066530116,-0.018290910222381385,0.0027870272038199584,0.015192113951355557
-0.005038592008115295,-0.016384627732720647,0.004974462019043724,0.017299259477799867
-0.0032634492270959825,-0.01488096474520706,0.006255013712141988,0.01821537946023777
-0.002818675607504151,-0.014997183236873157,0.005405532232821919,0.016664372310071007
-0.004760536058702636,-0.017111573382131873,0.0031973741144166734,0.014556860986565168
-0.006549589400664413,-0.018460349574144885,0.0024712610591928197,0.014602799220680085
-0.005802028316342911,-0.01707516761312977,0.004523460686756353,0.01713771551060539
-0.003112864582883068,-0.01445271638238843,0.006771559821947992,0.018613812790644335
-0.002473612286962412,-0.014430964504031252,0.006249486170978313,0.017526198936163695
-0.004061343371195569,-0.016612881699508364,0.003281857618607331,0.014001862736899406
-0.007579432113696161,-0.01952605638649696,0.0016883897049684293,0.014176278694591593
-0.005906671210296421,-0.016931992373327764,0.004751221337456091,0.01727468437122104
-0.0030586514139392396,-0.0143328662634441,0.006962098082384349,0.018692244276157455
-0.0026377121556357963,-0.01487081774375243,0.005483201533345472,0.01644100739959975
-0.005309612004894548,-0.017705240748179918,0.0027573174853570137,0.01424006422302515
-0.006758193824151881,-0.018467006217658177,0.002641296634057433,0.014752903074109813
-0.0057315136976887615,-0.01694520740732708,0.004680579299550347,0.017044522009457497
-0.0035654908839921617,-0.015032139828831781,0.0062991315062861375,0.018219680275420203
-0.002936047269462172,-0.015050687007245767,0.0054353868028538255,0.016534657246773055
-0.00509146777882119,-0.017322829745396895,0.003317904144285233,0.014824917726106168
-0.00634120922416348,-0.018302985241994474,0.0024895400080442442,0.014229843232114403
-0.006592864055990022,-0.01801518534350688,0.003619770283608048,0.016220905703118182
-0.004093467568811571,-0.015390847955184306,0.0060129013752243665,0.018042066395331124
-0.0029437993180372324,-0.01488995111157787,0.005706508068709981,0.016829852739302487
-0.0048759908390831885,-0.01738324193106844,0.0027454867535412486,0.01374849184166016
-0.007669861454012716,-0.019613972481090647,0.0015066583893725838,0.013891613922111912
-0.006261234911148605,-0.017366556144128964,0.004192463439786076,0.016618041510244597
-0.0037396554992148445,-0.015027958113765338,0.006255850443505517,0.018066750409191812
-0.0031139364852621476,-0.01525646737240649,0.005144272593116339,0.01623098470430495
-0.0053480045175466895,-0.01773364356146301,0.0025467593784191944,0.01388302061322011
-0.007119865973774342,-0.018823294153061942,0.002290742289952963,0.014557092485257161
-0.005700265609876354,-0.016890304451485982,0.004564198025796107,0.016868989466408357
-0.0036395907988470144,-0.015143670003774146,0.005958153570420066,0.017782031051417846
-0.0032522120449129943,-0.01528404190676036,0.005241767479373327,0.016587925751824217
-0.004679403237783597,-0.016838136280019178,0.0035732992822420373,0.014962753242221738
-0.006080575287345957,-0.017960906821315792,0.002814786384955026,0.014692285095480373
-0.0058479272305795305,-0.017121389238472007,0.004523632176002879,0.017243825323665307
-0.002841317016934297,-0.014045619195206499,0.007267138399673523,0.01922565752151001
-0.0017196518801959604,-0.01362151356855755,0.006973111957772032,0.01811550397316075
-0.0035171842373458856,-0.0158816467648741,0.004480568522537309,0.01571891187642213
-0.005562314802200527,-0.017437357548695645,0.003680525497662644,0.015899397314308963
-0.004485771070709396,-0.015605825063480544,0.006160779178085274,0.018673500386800934
-0.0017886604091933433,-0.012987357068449557,0.008678750845446337,0.020707205750575858
-0.000606587819105664,-0.012943039811484092,0.007194597693120891,0.017683207797434264
-0.004577568263181786,-0.017105238183533156,0.003599398754983746,0.015276310697797918
-0.0057466164768754935,-0.017439722361243547,0.0038413212429089377,0.016041858899182325
-0.00451021904473526,-0.01570027419841679,0.006054773120665189,0.018357067160931564
-0.002480913286825287,-0.01396199479388411,0.007572226240824154,0.019501058069387643
-0.0018575839675945838,-0.013929873540374726,0.006884975597615195,0.01811169751744321
-0.003661689729861889,-0.015909864171231802,0.004785958705627091,0.015991541864577186
-0.0056287464623606676,-0.017528978542279305,0.003777831796157982,0.015738335662335068
-0.005241399378766054,-0.016549471703634855,0.005461726992876503,0.01799907956529112
-0.0027423970764330896,-0.01403202953445526,0.007726950037136748,0.019603470083639274
-0.0019173899604989497,-0.01378412205919266,0.0074517274421632695,0.01870330098276418
-0.003425192441648517,-0.01594825137286837,0.004469102985562801,0.01509106916207048
-0.007130631865982284,-0.01915654368915609,0.002435103927588722,0.014683815500516006
-0.006087648002614854,-0.017142779308620293,0.005016558990804443,0.01742651899563774
-0.0034489600139526733,-0.014600379057587931,0.0072964871809355625,0.018980518031826765
-0.0028538936177819885,-0.014914261979406929,0.006054753173052596,0.01689133231986739
-0.00547197275073108,-0.017814784861484023,0.003064330710416119,0.014193060088307785
-0.007558638077368229,-0.019268307525918793,0.002230876870112475,0.014028143369406276
-0.007092858757160592,-0.018206621662153033,0.003860673620200039,0.015982198314234974
-0.005143604974101823,-0.016400048408542478,0.005428692633074661,0.017134123483836916
-0.004506460013351088,-0.01639598514713736,0.004564064527930789,0.015424992020415473
-0.006676786975561733,-0.018706700924201236,0.0022951845919845226,0.013452061561394224
-0.008201905877116111,-0.0199246495678862,0.0012502209035449852,0.012686810475275756
-0.00853707191590658,-0.0197113397366544,0.0021729503610776746,0.01432966686916215
-0.006394459673160657,-0.017313944278574134,0.004572036137279856,0.01644119843608216
-0.004709289047925669,-0.016163522962671095,0.004862997862209895,0.015685896727549498
-0.006276782342022447,-0.018322620364404685,0.0021530896212507145,0.0127053060980713
-0.009080106149785383,-0.020613659221173197,0.0007984924767363566,0.012695243172138326
-0.007788364440322937,-0.01842130370534978,0.00345381514441101,0.015423935813774658
-0.0051544529864835376,-0.015811057289509822,0.0059096081619620655,0.01732164983327733
-0.00403204237727417,-0.015503809013510672,0.005277069244108201,0.01581614358985961
-0.006049663205871525,-0.01780028898155983,0.002820398966949522,0.013546458827615737
-0.007770324593587397,-0.01886916391032023,0.0024685928091403575,0.013989271039257734
-0.006603125739767179,-0.017071539692062654,0.00480102662628612,0.01655957586316603
-0.004147358876376739,-0.014957960202674592,0.006305015146092163,0.017233190789995634
-0.004223585770950278,-0.015564242708657527,0.005329902499698891,0.016093868212026186
-0.005354077826952075,-0.01678794698582342,0.0038380616422908354,0.014459991758731805
-0.006861029511392891,-0.018039919659234793,0.0029470020214703574,0.014068647436566661
-0.006732251346624696,-0.017324088769255508,0.004486845841118803,0.016451915466701883
-0.0038336310057133227,-0.014275500445323941,0.007311243010481139,0.018667685632544173
-0.0023268289469605685,-0.013399506393362737,0.007419070776765568,0.01785161168591609
-0.003911381913873163,-0.01550566767583958,0.004980041201474092,0.015382679175226649
-0.006128316988192661,-0.017342156553233762,0.00376328750068039,0.01508355504654224
-0.005496845355624669,-0.01595565224231782,0.005738190419136868,0.01737840852709327
-0.0031395958232824928,-0.013580737238348739,0.008018245043225236,0.019220477671154312
-0.0020139634687023067,-0.013448937232648395,0.00676442291561552,0.016616996217058255
-0.005392349274881747,-0.017050743549325453,0.0034352413863263376,0.01414156190381377
-0.006809001188572639,-0.017743016710086268,0.003191068501402494,0.01439071636995437
-0.005989088342733151,-0.01632524083465059,0.005173042411630746,0.016675510689696527
-0.003737834263636719,-0.014252541873961633,0.00696068445584852,0.017999101909399462
-0.0029506491367683463,-0.014021608692782461,0.006539046770643653,0.016977663050724345
-0.0043070554712847375,-0.01557075312186429,0.004788940703688738,0.015158534400766088
-0.005978267016017558,-0.016941396940885367,0.003926342133726557,0.014977577095971029
-0.005536214551994156,-0.015916474081912657,0.005666500330680391,0.017360577941485822
-0.00283830454005507,-0.013146185630471319,0.008263799827647134,0.019409651580996723
-0.001494640528898472,-0.012376708318354801,0.008478058638743402,0.018954428709008653
-0.002614524445321731,-0.01419752339735103,0.005828609102094262,0.015669008699600973
-0.006052521760656848,-0.01729176008865352,0.0036843953641025884,0.014954529945257367
-0.0054225252604638285,-0.015686133461026763,0.006017063213937579,0.017727483302390823
-0.0024941579156188,-0.012660450557810954,0.00896257536142242,0.02009608393949769
-0.0010250331032755078,-0.012153110171931658,0.00833386846310491,0.018284360232926566
-0.003656470835915915,-0.015137499006593558,0.005413780322560902,0.01586513154973357
-0.005357330004102767,-0.016244871569651487,0.004751768078252505,0.015636220785056887
-0.005108732821988093,-0.015368332768794346,0.006359922327720424,0.017705699309034983
-0.002983460555679107,-0.013301694499819883,0.008316913932030934,0.019302335116425207
-0.0019303161606647468,-0.012852681501765106,0.007994975214751454,0.018145451062037576
-0.0036395973947518367,-0.014747233557828254,0.006132716685765649,0.016453490180778685
-0.005082415934100748,-0.015940718161637113,0.005201623640396891,0.0158158004781348
-0.005417296252877013,-0.015854146485995146,0.0058950551036132115,0.017049378948967298
-0.003884205482251213,-0.014055368819827496,0.007971875107459558,0.019122202195757443
-0.002135668531884627,-0.012815640390833716,0.008388110805899462,0.018432009894876977
-0.003792809706154504,-0.015099067645310146,0.005691463886706452,0.01553557704917119
-0.0066290973251387775,-0.017588114343571604,0.003994301868850858,0.014979995634718857
-0.006112935425337751,-0.016246831951401974,0.005939530553944805,0.017184420635792064
-0.0038974223541455855,-0.013924149284292309,0.008322110314990416,0.019149982865787063
-0.002689688187579753,-0.013468418809853278,0.007951808896701218,0.0178644155334573
-0.0046643098674779004,-0.01579127777404432,0.005499450299328634,0.015510573052136767
-0.006662940795110206,-0.01726744716167694,0.004635786699069833,0.015254954597973214
-0.006337150737302899,-0.01620302541771723,0.0065467161769667825,0.01767053452192613
-0.0038857501128339855,-0.013982218580889771,0.008137137599494526,0.01818452951159477
-0.004344143975877124,-0.014821542488282269,0.007371846735314325,0.01758511633913118
-0.0048211078585151945,-0.015291070844547061,0.00666563297751166,0.016489389934602805
-0.006117983666013682,-0.016390414880538273,0.005987879132741014,0.016116212582598877
-0.006303269977356862,-0.016086799815722586,0.007174789102687207,0.018032730710548783
-0.004076483027949607,-0.013628941028134278,0.009764965795188374,0.020251289819846363
-0.0025297135927733194,-0.012591561930716644,0.010218306825516166,0.01970817046561013
-0.004097985385138614,-0.014717329678932245,0.007930250427412133,0.017359229333110626
-0.006453245449190348,-0.016787055068623324,0.006603919532590652,0.016937322897778273
-0.006139206683894116,-0.01571832361777048,0.008518879650310396,0.019287495696756807
-0.003819780305279963,-0.013209897631378809,0.011443324904507612,0.02203601304528746
-0.0019524757964042294,-0.012443930247105328,0.010833937790151182,0.019732925166930926
-0.005663585360776935,-0.016665695082391352,0.0070481417135717095,0.016851459362120735
-0.007750265354005137,-0.018206623412780232,0.006007593454137705,0.01625458577785821
-0.008016449827838557,-0.017965434347923193,0.006975094535709658,0.017614204492952368
-0.006805786167321415,-0.016964581353512642,0.007885375508751125,0.018218440848693618
-0.006767012804640871,-0.017454952476928298,0.0069786743130730855,0.016920122502929402
-0.008388704271776959,-0.0193009875759369,0.0049246130825775225,0.014661365912818525
-0.010741735075574965,-0.021477706858199497,0.0032562891876608546,0.013595004926093779
-0.011365234214553155,-0.02162511935313205,0.0038368112574396207,0.014839578615767124
-0.009805701886472562,-0.019908842068442567,0.005588007346222668,0.01625761457019692
-0.008951357508276914,-0.01949796184227459,0.005590971569185754,0.01566376757795851
-0.010225444699150543,-0.02144960368981863,0.0029101550960426437,0.012392889497821358
-0.013731059709080284,-0.024794840685519404,0.0002424021524873865,0.010851823961466778
-0.014146471013205542,-0.024325153484468842,0.0014609724171990024,0.01264035386435225
-0.012012915527634505,-0.021926470791783004,0.003928781645058166,0.014726560576715286
-0.010583348271516968,-0.02121377824379067,0.0037275171500397164,0.013518205945160844
-0.012474781599067342,-0.023300822938523424,0.0018695329574640596,0.012221590920379555
-0.0130955592208295,-0.023370668561188523,0.002161444236492116,0.012726353388682554
-0.012359980193316744,-0.022112120467820517,0.004125500524338577,0.015051973683867459
