-0.008681708908909274,-0.04612136534456377,-0.11245644997974567,-0.18363727411104697
-0.2494762754734121,-0.30236984580527326,-0.3153906711439438,-0.28159520201797505
-0.23807500590619313,-0.21703223244485592,-0.2072796794656746,-0.1911747713317009
-0.17950225203803427,-0.1804329456014635,-0.17413034277964456,-0.14987582745898465
-0.13082643649561376,-0.1313388611024493,-0.12829037967184576,-0.1052322891599573
-0.08476731897758327,-0.08524553383930566,-0.08598207170274463,-0.06831154173762854
-0.05082730703319527,-0.05075767440923329,-0.05014575106633856,-0.03335043360047507
-0.018890998067249143,-0.021568024703327637,-0.02178140223935543,-0.0044830876577606205
0.010092046622730777,0.006142677753615544,0.003906031326067705,0.019913929847803047
0.03446560136248422,0.03086541764751871,0.028209801588857886,0.0426586972314027
0.055097250096636685,0.04995862912184634,0.046797372104407486,0.06079373751927619
0.07172987946876219,0.06436192526632567,0.05950591706343289,0.07301216505067032
0.08411484145628378,0.07648738273329059,0.07055169230966385,0.08288841829966032
0.09354749741217461,0.08603558370114683,0.08004922482220422,0.09186506811164463
0.10173241127805,0.09351134031587094,0.08715864862185185,0.09877356177543106
0.1080797083654943,0.09882226744184663,0.09139462468664306,0.10214449986082741
0.11068583067876148,0.10066967021984397,0.09244296144828468,0.10235167832618686
0.11022725823744395,0.09989609917064968,0.09156296343417125,0.10140360817061378
0.1092026281558276,0.0987595890798616,0.09036102612409991,0.10028530699685234
0.10810019023492146,0.09734672037427572,0.08848440688666415,0.09804192170042825
0.10548657050276233,0.09422632567995493,0.08481348964366475,0.09383510859180433
0.10074782784198533,0.08904312268009562,0.07927087005754174,0.08786052081021012
0.09430306112017206,0.08227966672725984,0.07239907366297871,0.08110411486933344
0.08784517588316021,0.07609271802087392,0.06637781439366108,0.07533438695676864
0.0823843977831018,0.07076500614877546,0.06099391973657475,0.06973059879965149
0.07631188033511194,0.06410683084988023,0.05393065869458269,0.06245439927013763
0.06882388606001655,0.056374415043705994,0.04597444370392623,0.05429822530089723
0.060558234768393504,0.04814272362793304,0.03783087245585648,0.04625781727756362
0.05270580279074011,0.04053508479455559,0.03051398974167796,0.039408996576810296
0.04639679224416682,0.03455359518233081,0.02465074875416917,0.03356270733900146
0.04037909209051804,0.02820477613417438,0.018019607319274655,0.02667617712168635
0.033150325435343575,0.020657266212253944,0.0103079856459658,0.0189469075191937
0.025548614316051044,0.01329861221645956,0.0031835157519992663,0.01202842064586207
0.01889784425836183,0.0069619871427306634,-0.002820247355472816,0.0064506869981357795
0.013755999458567203,0.002079022650619322,-0.007544602298040104,0.001937296976620928
0.009372804390878287,-0.00236782304858707,-0.0121443380985653,-0.0029237143066609406
0.004102147062312156,-0.0080014905598631,-0.01793993195373389,-0.008737109126201403
-0.0016095500917998606,-0.01349339568423602,-0.023171696760527993,-0.01363763306153487
-0.006044358205954836,-0.017444611484265238,-0.026729071786590453,-0.01683717613283875
-0.008947608665934581,-0.020196225159580194,-0.029355152071232737,-0.019253418333974537
-0.011234283690804148,-0.02254507479185719,-0.031827694039080257,-0.021876156168907812
-0.014090080932298576,-0.025618713355960665,-0.03503309598226423,-0.02521810592583762
-0.017536590101670413,-0.02901471443587411,-0.03823677974919093,-0.02807593301271538
-0.01987285730672994,-0.03081697347787582,-0.039606439849713126,-0.028999591436644323
-0.02036182667750097,-0.031045042276033996,-0.03971417421283263,-0.029084805861465668
-0.020625448295078286,-0.031627880856099466,-0.040513170495923845,-0.02995129422525622
-0.021545282261843823,-0.03261820923289349,-0.04158844413174201,-0.031176057469913587
-0.02289334125983622,-0.03392740894738999,-0.042740695317990074,-0.032105656135947847
-0.023501371938030147,-0.034179577092253055,-0.04264107940042017,-0.03152651475541379
-0.022380475361990282,-0.032706387958628014,-0.04102194672895321,-0.02988540615276758
-0.020906820408497673,-0.03153947821809133,-0.04010004061154149,-0.029163278744650967
-0.020454650679928577,-0.03135083603329747,-0.040066971121165196,-0.02919081573022453
-0.02043258489455546,-0.031167452900911385,-0.03973197362710579,-0.028764814234495617
-0.019870685822770184,-0.030393455747322662,-0.038682427190757096,-0.027287108558965656
-0.017896429375650058,-0.02809831256106321,-0.03624230371569226,-0.024753868099157472
-0.015402710349050608,-0.0258130461187136,-0.03420431558937764,-0.023040818037561195
-0.014155258370699642,-0.024995749555888125,-0.03362995880257458,-0.022553738557732572
-0.013614315431293988,-0.02428634312743938,-0.03275626577148927,-0.021519037181356282
-0.01232521754054261,-0.022695149660727054,-0.0309035045629642,-0.01941681821475072
-0.01001771928545736,-0.020314627735345425,-0.028477690061979644,-0.0168436340125524
-0.007344623344209822,-0.01773422075808284,-0.026105476828302443,-0.01478711597780702
-0.005731752903951559,-0.016528405068804375,-0.025162288520636622,-0.014053082297344588
-0.005147939705615556,-0.01595664751892656,-0.024504897434113104,-0.013199937994851751
-0.003936663861622947,-0.014354492125900009,-0.022608128035621178,-0.011030328045045223
-0.0015163832261642085,-0.011817644265590843,-0.0200359491982276,-0.008437693354800047
0.0009580460186100481,-0.009625693777138622,-0.018111907244367842,-0.006729830028529449
0.00240403715292814,-0.008451655388508783,-0.017177786766303882,-0.0060773195690160264
0.0027979985468888913,-0.008151435065833823,-0.01684065975942417,-0.005610119522444279
0.0035353675520148897,-0.007089801327261114,-0.015486967241781002,-0.0038818951597363593
0.005688238770627407,-0.004679070583023304,-0.013009776953037289,-0.001473839450746084
0.007827405546972699,-0.0029434291223608966,-0.011595645577283875,-0.00028918126713506354
0.008751397909897207,-0.00228609862880802,-0.011151896332204814,-2.885716216027845e-05
0.008904712944641346,-0.0021075237977150607,-0.010920863503923073,0.0001998937586265015
0.009172153436487918,-0.0017113197736975394,-0.010305466802599028,0.0012314570388234358
0.01072820241967598,0.00018951747788342743,-0.008290472512033631,0.003234625062621177
0.012552357642412915,0.0016922138090968986,-0.00709199098182367,0.004106818476754981
0.012984515092483662,0.0017033545170956899,-0.007349116556602198,0.003715298730766037
0.012592727240654966,0.0014278717642373095,-0.007523385544971006,0.00359636924710216
0.01259942255505564,0.0016402282879814933,-0.007082103533722517,0.004335444577743708
0.013649552228864437,0.002854802054371497,-0.00579955647353092,0.005715625757517273
0.015040992406236242,0.00407423012641317,-0.00483364625212257,0.006335373526749066
0.015179304611594446,0.0037637069635403364,-0.005436930445056554,0.005521231475209998
0.014242506575147917,0.002847024318372693,-0.006259320900369403,0.004875375336142795
0.013927085602038147,0.0029071801686963994,-0.005917152253382074,0.005450460981589078
0.014694784013906892,0.0039293777669713315,-0.004266342723329375,0.007909166146770508
0.017542964387951665,0.006606524142514281,-0.0022314524596024343,0.008808689006400416
0.017143213968325632,0.005200629959419778,-0.00445074252747979,0.005811966292499526
0.013615851310726346,0.001588212297077063,-0.007512373981951592,0.003993809148848615
0.013257336250329432,0.002211300219038037,-0.006522797375672518,0.005135471913088718
0.014581105148533835,0.0039635607211139234,-0.0038655602280737167,0.008591902104495563
0.017991364683695776,0.006713759572865019,-0.001991062106669439,0.009313930970826778
0.017486199020176674,0.005198199764088196,-0.004600637381708683,0.0054797115477835945
0.012849922198916452,0.00040875877579038544,-0.008960629686325383,0.0021610784190868593
0.010862530468091158,-0.00041098658029570245,-0.008554053481744983,0.004049173331499123
0.013997298436257744,0.0036244914382574933,-0.003618779731327848,0.009388748625336785
0.018724302598816855,0.007215201732711396,-0.0015222084249262302,0.009323757381186848
0.016356339565450462,0.003225097459309989,-0.006408447740533063,0.0041474155959362324
0.011471732644332988,-0.0012723296115599858,-0.010731369153455184,0.0002599131450293779
0.008533246501025271,-0.002957527881255473,-0.0106631302737894,0.0024496024119382565
0.012324090158928547,0.001567218452876551,-0.00595958643671568,0.006736779302067175
0.015568631471315264,0.003855453976764567,-0.004130471691811799,0.007972057645234454
0.015747139225732898,0.0027989763699770576,-0.006729659983608305,0.0036678816689474925
0.01039576032103473,-0.0027010293895198267,-0.011850924378317973,-0.0006096345269510084
0.007291113298084434,-0.004574631542968832,-0.012106835574850788,0.001155670514757401
0.010635330040997981,-0.00033660103444266287,-0.007150905755361925,0.006415903818172142
0.01536904922743032,0.0035299701348664447,-0.004331239306483159,0.007505880802420872
0.014335485720117003,0.0006907707904943994,-0.008774237203556412,0.0016475661646910833
0.007740780793670687,-0.005955103475882018,-0.014805863075626924,-0.0027707299535095764
0.005532763350321268,-0.006239993482067607,-0.013471942421912075,5.2074659224299324e-05
0.009363876020505923,-0.001881189102322267,-0.008836534657998829,0.0043503804080464725
0.012532371936967657,0.0001942393541840559,-0.007213596577057224,0.005628384039789935
0.01311163299068907,-0.0002369222031002316,-0.009199741633255432,0.0017446924916391104
0.00794764736907183,-0.005760079917771499,-0.014609301165741329,-0.0031142981223979405
0.004077524149294298,-0.008390494208083688,-0.015309732185499136,-0.0011694415936327474
0.008240422514845136,-0.0030380948944994657,-0.009405758650815166,0.0045667713023531675
0.012979781791216283,0.0005387588987364467,-0.0070512465625522935,0.005122478338885905
0.011484952995695075,-0.002501648826553904,-0.011088162165482807,0.0005461250373999249
0.006909552276017195,-0.0069329365638806095,-0.015545157453764169,-0.003604111373363139
0.003703606963918915,-0.008812877676129816,-0.015571170518316357,-0.0013536220328749238
0.007763008171187913,-0.0038411565290275007,-0.010353471881141552,0.0033960925271943054
0.011371801353806887,-0.0012660987473429586,-0.008291169598695802,0.004834366467806994
0.011741413073035112,-0.002144042281343239,-0.010665751583700533,0.0009335914939798684
0.007024694509686569,-0.006893725392778549,-0.015103749063580807,-0.002839245944206148
0.004259881521579523,-0.008527794634577646,-0.015194510144163509,-0.0009544145353848066
0.007738799676544339,-0.004098685966229532,-0.009960450643386132,0.004714948135871033
0.013022631247974203,0.0003622122327469057,-0.006686181092823595,0.006019682774429214
0.012037947538920513,-0.0024003844394648866,-0.010763506950342894,0.0009821830895520023
0.0066440968199499295,-0.007711327155090153,-0.01563386762904706,-0.0026969081922807447
0.004718763068769505,-0.008034116189310936,-0.014548378742447632,-0.00026192149622872307
0.008106897570377747,-0.004107018933895645,-0.010212528324683667,0.004067764575019339
0.011726784449239247,-0.0012933566005344233,-0.007783170956340513,0.006082950888905536
0.012955748947645063,-0.0011125130230507096,-0.009179228804280903,0.002700599954810201
0.008131596270331443,-0.00646169043216549,-0.014518341639488952,-0.002082349277306328
0.0044292347078052074,-0.008844659057070103,-0.014962224573688232,9.085352089144294e-05
0.008819361596101416,-0.00328738381773519,-0.00903422177465174,0.0055618563614441285
0.013086711993638644,-0.00016468799032232084,-0.00677144221593462,0.006648860618747143
0.012666324917572247,-0.001957693707336894,-0.0098288904804269,0.0025159746006231387
0.008046542819983848,-0.006672600037473053,-0.014580190684444716,-0.0018177666691387984
0.004787010044684514,-0.008545476796280482,-0.01461155809584902,0.00043430935086963274
0.008919338595269721,-0.0034274668372766826,-0.00923156864188801,0.005316824977168011
0.01263545201108851,-0.0007332510536910419,-0.00698540601094777,0.007055497840360303
0.013425102446868564,-0.0011286701333093063,-0.008901706744778082,0.0034991506432922037
0.008890004201071555,-0.005856796575801404,-0.013471816650920232,-0.0005442142002598516
0.00577177596989209,-0.007896028814871947,-0.014035055020738874,0.0008522953238463415
0.008856413434331856,-0.0037129465772371972,-0.008859577817192488,0.00671078915666623
0.014563929977184031,0.0012690583589947124,-0.0051657808527902915,0.008198187014669678
0.013529433186086237,-0.0016429371643491564,-0.00928666132362821,0.003366529103608684
0.00857233839495919,-0.00644052788208338,-0.01378751462545047,-0.00024234008189605305
0.006445428135977593,-0.007133889718354602,-0.013238429520482597,0.001477301069232162
0.009017680504692649,-0.004011952825385912,-0.009526890434981006,0.005586567623398153
0.012884624244243525,-0.000647589362418266,-0.006449185058885476,0.008199271350654236
0.014586154654807615,-0.00010871651774646551,-0.007596233709234568,0.004914118453834604
0.009695193155994986,-0.005621973775883582,-0.013095490391352271,4.373365709486876e-05
0.005982649694231235,-0.008022222604938456,-0.013721691725110396,0.001783211313895805
0.0097707250784822,-0.0030716051794668076,-0.008238269460075998,0.007105130933909187
0.014197272704147501,0.0004267008294682739,-0.005468777302049865,0.008740249185589022
0.014257374421461577,-0.001019117898933608,-0.008359985371206413,0.0045389803793520755
0.009340550345971366,-0.006174439019636324,-0.013583972888704388,-0.00020535305439217666
0.005778275755312201,-0.008293703882912062,-0.013914489603879865,0.0016733351410005426
0.009544170539221852,-0.0034664371081483125,-0.008723586314267173,0.006469435801278678
0.013243372370157047,-0.0007670778549915269,-0.0064526534317126405,0.008299658579994151
0.014214988267590378,-0.000931107061087566,-0.008166227019767547,0.004852485617924174
0.009682259201791332,-0.005765275264787206,-0.013010261406805945,0.0003217266028325838
0.005920233830539523,-0.008474172328313045,-0.014080744342857443,0.0015569783177697971
0.00922146576866023,-0.003866301694574581,-0.008538856569028752,0.007536548168902257
0.014800756153465322,0.0008719815486841753,-0.005045840053275796,0.008952263846848219
0.013803258028838528,-0.0019459891163240428,-0.00900328150601748,0.0043883341394357345
0.009202124465645056,-0.006392195814242996,-0.013346555120225645,0.0005804890618259506
0.006547439460348414,-0.007776699957968702,-0.01348686258943843,0.0017397474661713375
0.008736166648690258,-0.004922470212567198,-0.009971603454377309,0.005788922344247993
0.012737009281617695,-0.0012749912071106095,-0.00655518106396169,0.008702820278527312
0.014646384354644049,-0.0006126214926016615,-0.00763236609712159,0.005451570692959429
0.00976376806555379,-0.006120669042534388,-0.013090233984783595,0.0006749894882478458
0.006175758834328082,-0.008449770108196919,-0.013868637540124684,0.0019397622206258625
0.009263575867830998,-0.004214551156065838,-0.00887192515461166,0.0071819722678130304
0.013998996617311299,-0.000190397411897969,-0.00552699637736076,0.009330942728433822
0.014459148762927754,-0.0013658645036804806,-0.008351339623671628,0.004899910072527991
0.009033896200776326,-0.007166519763295742,-0.014131711124976132,-9.169187609803231e-05
0.005586691927818688,-0.008983043011141056,-0.014243243877625655,0.0017619370851331695
0.009120072263609114,-0.004453595870872906,-0.009280944214001163,0.006474004684729362
0.012873322286126587,-0.0016034585748383456,-0.006755125213931734,0.008686724156566239
0.014320712918745482,-0.0012678286268110739,-0.008023679357290536,0.005543110258015904
0.009917820603546179,-0.006138605909197903,-0.013139473908090782,0.00043982564138733693
0.005352607740675808,-0.009713651692487613,-0.014903792645403868,0.0013849557697014347
0.00881111353931896,-0.004714191610388774,-0.009044821426106964,0.0074382498736920155
0.01425997970636006,-0.00015346162307894318,-0.005591157664608382,0.009058863009258289
0.013663389054513253,-0.0025024434754699065,-0.009108627043116435,0.004857918488377244
0.009339334323190673,-0.00679225387423843,-0.013558356834931562,0.0005759861879219841
0.005933969563733044,-0.008973579760036099,-0.014243568258682782,0.0016803476807938367
0.008556519938825335,-0.0054363515853919075,-0.010105888242873728,0.006089327380404352
0.01264391822773936,-0.0018422946316127842,-0.006741168195404157,0.00899579709534759
0.014545912413603812,-0.0012338050163522851,-0.00790297004004925,0.005702232375254024
0.009718115718503562,-0.00660888883034616,-0.013214340506916944,0.0010351995030064565
0.006199944314681183,-0.00891984196629636,-0.0141191414882611,0.001955065533509881
0.008769269070352248,-0.005235622903789761,-0.009475061035480348,0.007254650513901506
0.013975444002417348,-0.0005303255258772843,-0.0054878518061567405,0.009843244465091772
0.014659558859391186,-0.0016125471947230352,-0.008316903907749307,0.005268881679409532
0.00894133256343288,-0.007768275971368865,-0.014326244352465878,0.0003396215169431116
0.005845980812523077,-0.009130477380391966,-0.014162781049444906,0.00210892508497329
0.008986728476326977,-0.005099805095351684,-0.009591286878321448,0.006660607265414065
0.012789982363968999,-0.0020918293651361886,-0.006863887388188328,0.009121341597829957
0.014538422721959599,-0.0014445371371643034,-0.007925187532995093,0.0059586178472756934
0.009881523034183104,-0.006670610892409723,-0.013281706631232293,0.0009060281521366953
0.005672850322479661,-0.009723929497937434,-0.014558892050296368,0.0021377431458984297
0.009172432152569687,-0.004867410996229893,-0.008975645606503324,0.007803740615330401
0.014160667540448646,-0.0007771759954624535,-0.005889607132925967,0.0092877478443123
0.013686667615450343,-0.002830069826980086,-0.009035044573540763,0.005468477125180282
0.009717987906149972,-0.006800487065749206,-0.01325525975538433,0.001219943739553031
0.006109269622402547,-0.009365391804927903,-0.014415209970359832,0.0018779161450441784
0.008412478411639057,-0.006026674007130861,-0.010392161705862435,0.0062771333697337894
0.012619565264810007,-0.002235837446361799,-0.00687686545479993,0.009181331709412266
0.014357846840354682,-0.0018709616386360928,-0.008237238808036729,0.005850721381976065
0.00967762317097387,-0.006990048846013064,-0.013269814000553382,0.0014274672308336456
0.006342137581649698,-0.009204379585643796,-0.014239831507175893,0.002078149245924532
0.008514597888921838,-0.005896396495442602,-0.00978453445053784,0.007480051926210596
0.014075655045380664,-0.0007515413670042825,-0.005499577067455075,0.010076550487144065
0.014507513907819458,-0.00215223757814087,-0.008433924899195588,0.005783416900432492
0.009397118286908146,-0.007571202657261189,-0.013799319413375866,0.0012254901882293723
0.006362177522411638,-0.009094696647009126,-0.013958841729428517,0.0025171070431730946
0.008904500492383338,-0.005704865405798731,-0.009929738993922577,0.006786134780575104
0.012730608272463417,-0.002476979526137235,-0.006924110344316059,0.00951854938929042
0.014746022334718223,-0.0015480332447181944,-0.00771689074503179,0.0065200575336299416
0.010080400175761728,-0.0069308786097797,-0.013280699503184668,0.0013210299630155298
0.005838344694250708,-0.00995476469997758,-0.014565115137593398,0.002463379101609764
0.009204240908196049,-0.00525682163888197,-0.00923825775560605,0.007720712999836454
0.013682083623574481,-0.0016259399999549728,-0.006291520660637762,0.009593806464136545
0.014058582986272494,-0.002636283941995554,-0.008510305152595432,0.006346595384313591
0.010261929880117648,-0.006665286763364087,-0.012831951866658642,0.001985033752759602
0.00647459948711937,-0.009528985680748558,-0.014466929560253305,0.0020358372608764164
0.008182957554606851,-0.006671570672236893,-0.010759747639612627,0.006317836980481495
0.012443383672192443,-0.002758282535754386,-0.007157648340252898,0.009250244362747573
0.014190752460736089,-0.0023606773406710246,-0.008408789085158297,0.006149038762351733
0.009829983140610121,-0.007162466930221267,-0.013221236995488717,0.001786393183411672
0.006400391743269118,-0.009575273307242504,-0.014452822832847101,0.0021673527699697104
0.008370962152380645,-0.006357731072627271,-0.00997374378602256,0.007687211313494924
0.014108303176950443,-0.001026238781955069,-0.005556925366386967,0.010305340401382868
0.014449564380926816,-0.0025510082722433047,-0.008502808225402614,0.0062131597076735545
0.00972189390132927,-0.007520981915711822,-0.013496734869292482,0.00183057292100397
0.006651477205639189,-0.009251158093346756,-0.01406844701372556,0.002472093388291352
0.008378788912866142,-0.006713398756354572,-0.010726667053382766,0.006470390555969541
0.012428331979880358,-0.0029257975577094975,-0.007017922426970191,0.009909812610608526
0.015071485550417485,-0.0014588275581002286,-0.007399692206329078,0.00709189451895309
0.010319400246688648,-0.007085093198503589,-0.013187815527872182,0.0018069028545886212
0.00613513685240985,-0.01001784817596052,-0.014519642258242538,0.002675277274586829
0.009072304003388876,-0.005781673562062828,-0.00961481148344756,0.007595721873947969
0.013320030262176541,-0.0022528755762203367,-0.006540811343012987,0.009914068187082847
0.014390564378147452,-0.002535018046824433,-0.008288709314455467,0.006674033238879051
0.010171561237099613,-0.007188892280168169,-0.013148864556776552,0.002085128915150225
0.006502624036822002,-0.009738076664078665,-0.014458153987113587,0.0023649989283858197
0.00833797612269871,-0.006799734948814695,-0.010697298195023297,0.006622690700117229
0.01246706481996318,-0.0030657194719312386,-0.007203175693478059,0.009623749698556505
0.014470156931655431,-0.002289166695447431,-0.008016158065507817,0.006939673361795684
0.010424372661647752,-0.006930782833638904,-0.012911329131947369,0.0021768463657338977
0.006330837296967484,-0.010127849154119684,-0.014879503367237756,0.0020367096779261296
0.00805980053839539,-0.0069647928645144574,-0.010370253100610238,0.007669819980917758
0.014020564417405179,-0.0013423034187973748,-0.005708988537244775,0.010389816738964441
0.014315596513045925,-0.0029613815734754745,-0.00862194376263048,0.006576502055928302
0.010075446343040362,-0.007391176603587457,-0.013231341189054557,0.0022749243139572606
0.006809021271435345,-0.009478413140581399,-0.014280737769109653,0.0023261108326986246
0.007894392437055586,-0.007554324612696561,-0.011399093465927823,0.006183954937588165
0.012166207134687301,-0.003307679792077689,-0.007146673012905946,0.010135394927062835
0.015219703861489853,-0.0015319757113925192,-0.007309183112501838,0.007431727161955504
0.01047524351361906,-0.007200658509162405,-0.013091877184684186,0.002256688807060314
0.006481304872875349,-0.00998784455309476,-0.014547089002342695,0.002607574969966553
0.00862318040301302,-0.0065563175375362714,-0.010123902441731447,0.007605762100807656
0.013466742376351704,-0.002157618752688606,-0.006165181874899561,0.01062297766811926
0.014969545991093902,-0.0022089495900752265,-0.00781553301028759,0.007321965887862492
0.010500280710592058,-0.00724329041359506,-0.013047793489240567,0.0024974194565587915
0.006766936931292378,-0.009779173400636498,-0.014431587805411095,0.002538318475903578
0.008269804550981696,-0.007146896363409816,-0.010862391778267533,0.006737128466502096
0.012418086806214479,-0.0033816842108733702,-0.007321536654217642,0.009866509787451294
0.014663209862622928,-0.002283633407291097,-0.007790366757067346,0.007485705124978592
0.010837814404229373,-0.006822478816274513,-0.01280381051167545,0.0022997925563545962
0.006079672637048894,-0.010740755056495077,-0.015291779014613649,0.002055177234086436
0.008124659892344788,-0.007062187676846632,-0.010376961095561077,0.00778753377727015
0.013901299289005076,-0.0017300366894725805,-0.005910445654765395,0.010514508437613923
0.014368900931661432,-0.003096295847686781,-0.008516750876091272,0.007061107632170938
0.010514385553550554,-0.007171299741674408,-0.012924225645703613,0.0026746216270920886
0.006878471284199161,-0.00977256805122284,-0.01446716980959506,0.002384914667308724
0.007820915481095758,-0.007857093399574966,-0.011537865034647377,0.006324209932566882
0.012203169880588005,-0.0034789965203518847,-0.007127640608100894,0.010447265074867707
0.015405655100161564,-0.0015956549270790266,-0.007230176902490504,0.007746329049571177
0.010611470042177551,-0.007336555639299913,-0.013064620062217758,0.0025715906152268264
0.006671129254049779,-0.010086393180491982,-0.014648448767865752,0.0025392638092816
0.00824366383311026,-0.007248365077243024,-0.010630811683918662,0.007496207344446892
0.013410970341879214,-0.0023133225943752223,-0.006089460272887592,0.011021283760454859
0.015295696426891547,-0.0021045273346831372,-0.00765055396441805,0.00754978254650962
0.01039833268623247,-0.007699229644466454,-0.013367506952187913,0.0025152051813199794
0.006776272281802553,-0.009941407498200716,-0.014478345800295722,0.0026739661236294676
0.008238618217539573,-0.007417512368846468,-0.011001849484642001,0.006818190150663206
0.01235435028782983,-0.00365250059126887,-0.007356129458956362,0.010216754290451213
0.014998838010975568,-0.002126302222980714,-0.007495482588961044,0.007959263988259302
0.011082168958401084,-0.006889725426753257,-0.012795492666966668,0.0024606358735113076
0.006013319735019396,-0.011086342473237254,-0.015470985783649027,0.002185215915821548
0.00818537200130387,-0.0072249565588207165,-0.010484429842668064,0.007775088095816507
0.013639118802095451,-0.0022564302333274444,-0.00621717928778609,0.010617276906109252
0.014508240230479252,-0.003084837782455052,-0.008299186534204361,0.007568708626501941
0.0109092696343831,-0.00699818124320517,-0.012601439076829424,0.0031817996637746315
0.00712598518775498,-0.00988123433656729,-0.014551971578102618,0.0024033907706100255
0.0075906324641688006,-0.008371078485961414,-0.01190161008497359,0.006257467494413138
0.012082450227999697,-0.0037958162838027665,-0.007359099250104917,0.010355337612210302
0.015116164102040086,-0.0021447380906816083,-0.007645433566569215,0.0076329604870979395
0.010488859115823423,-0.007588609259164825,-0.013094214163706708,0.002889474312193663
0.006957982861403256,-0.010039370618481147,-0.014645361119211886,0.002520461712269162
0.007919674916017527,-0.00784884499384142,-0.011038814918292061,0.007476327245048431
0.013457912666161809,-0.0023658099390038156,-0.005991737388761242,0.01131598046185589
0.01544898159763819,-0.0021684980899632222,-0.007605874179305028,0.007751815136572304
0.010398474066017682,-0.007960923454162883,-0.013491636942766894,0.0026669094589577558
0.006864751573536276,-0.010061885482266053,-0.014548074626790752,0.0027060977736224068
0.008057832657409447,-0.007864465930377929,-0.01134467830509811,0.006727537876747958
0.012224899501338093,-0.00391585023319907,-0.007409218140533413,0.010505029015710043
0.015291039296608355,-0.0020091773391774925,-0.0073547055340159595,0.008133298610546902
0.010981677891396258,-0.0072487492476978055,-0.012923879027412433,0.002772171383639055
0.006420860510688575,-0.010781895602217872,-0.015057999960447876,0.002706427393520894
0.008458010911004399,-0.007259763361142202,-0.010496245044647301,0.007832246847872204
0.013426463185064685,-0.002767894231220591,-0.006585501586636067,0.010589910798933788
0.014515860545740056,-0.003184970500178297,-0.00820739189085029,0.007950326645808303
0.011240408709910055,-0.006828557321061135,-0.012289124096181991,0.0036562721119670627
0.007361174217858979,-0.009972178569001455,-0.014597333451347838,0.0025197296958430204
0.007550555427622951,-0.0086496567309029,-0.01207340115878508,0.006313042837276184
0.012060884295451268,-0.004015075400899404,-0.007532901596928765,0.010274015458193952
0.014844990338362285,-0.0025977948144317864,-0.007816504070967012,0.007932669447820562
0.010895167690100793,-0.00730571330250851,-0.012758796936189976,0.003267520484316
0.007039895518001327,-0.010293673791695657,-0.014864604857150132,0.0024601771811476603
0.007726267831694944,-0.008254347601707845,-0.011317928953990641,0.007467857115396326
0.013440440046495805,-0.002539813073089814,-0.006137583929484158,0.011221008262097598
0.015140042738385207,-0.0026678953321470633,-0.007821651715634204,0.008037448154849303
0.010848681907472901,-0.007573655889020925,-0.01298738657991172,0.0032890189684522397
0.00725833712156887,-0.009968159838776636,-0.014448746541827706,0.0028466452418940413
0.007910615943086396,-0.008329434785825818,-0.011722015147060949,0.006607567693105887
0.012083334971772386,-0.0041883835179028495,-0.007520787770297632,0.010658692531512193
0.015415575503711754,-0.0020239458066280136,-0.007263305841001433,0.008347101131986667
0.010978832578258046,-0.007512989888531552,-0.013037743783780309,0.0029778831766602565
0.006626650013553226,-0.010748595659783255,-0.014981406218547377,0.0028759670091278444
0.00844313913276551,-0.007534781649040978,-0.010799484088352074,0.0075398370000563375
0.012904179704023022,-0.0034857486312465102,-0.007030492145382317,0.010662794552481758
0.014817037613075401,-0.002894927736807329,-0.007818157406707105,0.008409537737974704
0.011461959593597415,-0.006855124050589412,-0.012186753374050507,0.003974495937159261
0.007547551387151463,-0.01003311063994139,-0.014616016664763976,0.0026316242371184906
0.0075172322228798105,-0.008888235903977693,-0.012217499349377992,0.006333863043877841
0.011953471418014061,-0.004307369737131195,-0.007678493425033572,0.010392249391713904
0.014942516173371612,-0.0025914222382699137,-0.007557800271199344,0.008528504805120019
0.01144421910134552,-0.006972950227462471,-0.012404509281830567,0.00365544911214033
0.007127640546377378,-0.010557305865767974,-0.015148924372205164,0.002257598704259678
0.00734718450100269,-0.008851322172543696,-0.011783792008367877,0.0072996881017066695
0.013323363233511909,-0.002752418909996779,-0.006274178412178477,0.011192740350393304
0.014964026936073793,-0.003012863265550836,-0.00795592919558974,0.0082782577627174
0.011160761106133732,-0.00737051905058439,-0.01269363222871367,0.003714458491836714
0.007523502824397177,-0.009970698251424714,-0.014538414574807312,0.002668531276281083
0.007413330305019228,-0.009120557703263588,-0.012431084435098327,0.006195110165112538
0.01178681064092979,-0.004490954924498469,-0.007620245612942833,0.010854413818015551
0.015645455899844007,-0.0018951796778858832,-0.007045057557971468,0.008683952578339094
0.01115338032702895,-0.007540022068522445,-0.012908848464251,0.003396151534517333
0.007027658144403759,-0.01053921677026426,-0.014804344603564612,0.003035482530335365
0.008347038153013964,-0.00789623218120239,-0.011124653226860293,0.007357788259297671
0.012643197051321664,-0.003858896178817961,-0.007171079788598211,0.010912559716786507
0.01517598626565575,-0.0026090847665174444,-0.007458746451638243,0.008830537257607185
0.011648657951825347,-0.006928558073724833,-0.012160701808673569,0.004226342900668589
0.007733634051380722,-0.01003676202206294,-0.01456293383997731,0.0028242527602011513
0.007595065619004471,-0.008991233417062316,-0.012233360407517102,0.006465610875124206
0.011954851216682272,-0.004496496525388194,-0.007758496374092871,0.010523551840339262
0.015019761220508743,-0.002633245828265185,-0.0073943902555999586,0.008999649724609204
0.011895184141885506,-0.00672157568319931,-0.012212254683631185,0.003761405709615362
0.00688661355802922,-0.011101549333967675,-0.015561924822722562,0.0021799088166978287
0.007350889732168131,-0.008943642793449946,-0.011826951883981973,0.007341651300086793
0.013219852557856626,-0.003048917910041471,-0.006497314630335982,0.011137037005381156
0.014834503083791972,-0.0032766933451422453,-0.008022837401689742,0.008571135041184563
0.011542069337678873,-0.007071413925290093,-0.012309387364638269,0.004188021029127853
0.007792901255601725,-0.009987811207991193,-0.014637040429722914,0.002507082395278637
0.006964978853874371,-0.009848851189960817,-0.013086771418672871,0.0058236330051011365
0.011526660298959213,-0.0047880334123158175,-0.007807280497928781,0.01085629087377149
0.01563208577824704,-0.002008808271045659,-0.007030155309495356,0.008917953825182234
0.011355876561092604,-0.007481823814363908,-0.012760740979230523,0.003727301292491658
0.007286042454831554,-0.010523621453453869,-0.014943746318337059,0.0027623907908795875
0.007802402126354524,-0.008654752844295954,-0.011716107281277255,0.007182189855224896
0.01271562410974747,-0.0037191650053933767,-0.006856596520514957,0.01142857252366758
0.015637221206632246,-0.002309360195547505,-0.007125857591770979,0.009220237121807973
0.011816506828647766,-0.0070433948441439576,-0.012231469602999034,0.004373531136041775
0.007877069793398972,-0.010052124304132715,-0.014588455456146843,0.002860913251617303
0.007516591969924269,-0.009226506599230078,-0.01238972178153852,0.006468978983184215
0.01188290321053076,-0.0047361683463384985,-0.007903679281399123,0.01063532623089336
0.0151864822985599,-0.0025500460727296836,-0.007203272605853295,0.009392704938455676
0.012252181278773477,-0.0065545525630958945,-0.012115001468401276,0.003814752949248268
0.006702553226457741,-0.011524100995374598,-0.015879642105748326,0.0021724582728910313
0.007453816115516876,-0.008935344635479847,-0.011854985800460849,0.007308817332881468
0.013021619344537383,-0.0034321610975820427,-0.006784896052892897,0.011113389351850467
0.014885333404721424,-0.0032865110743003356,-0.007893056986040037,0.008961626023303637
0.011968154244718088,-0.006753553071622065,-0.011941974327142058,0.004625006286253397
0.008038478009075645,-0.010000076172072214,-0.014648777589432616,0.00260760887770628
0.00697774486369962,-0.009994132499336672,-0.013150556313020756,0.005949523623493658
0.011619389025627092,-0.004842792370070237,-0.007806415741616668,0.010998022140014885
0.01568664514178497,-0.0021304078367556656,-0.0070792201119054265,0.009058706941089456
0.011454460483757423,-0.007531710585521489,-0.012708805995430117,0.0040032648705858875
0.007541327205126347,-0.010461558268469062,-0.014972102962572453,0.0026678448048575998
0.007463812698859318,-0.009234884524163434,-0.01221147986743265,0.006978472231571553
0.012634407743696174,-0.0038340362751876356,-0.0068717855073949785,0.011591998785519975
0.015786013020166578,-0.002285317041014201,-0.007086190946989701,0.009301526658815007
0.011724853951616598,-0.0073567984127616,-0.012491950407606645,0.0043370519169496635
0.007892609692143004,-0.010126428956759748,-0.014623915676498456,0.002926242743455987
0.007495927528514912,-0.009407206982150251,-0.012530337699551808,0.006459019089204432
0.01181686887861555,-0.004922288645148876,-0.007967748358824855,0.010815492724682074
0.015397724869310458,-0.002459411621859142,-0.0071265131955098315,0.009477195435947716
0.012154236667142215,-0.006839792127173894,-0.012264262667372572,0.003975248105377638
0.00696217775088015,-0.011319923534215404,-0.015598103690829479,0.0025544351341255656
0.007698766363927634,-0.008901913270202844,-0.01182940824296319,0.007374532119254429
0.012904277073308545,-0.003785225426133021,-0.007103573347015613,0.010982894325176074
0.014767655891565812,-0.0034836762612531214,-0.007942111058130141,0.009187730846244024
0.012258142665261706,-0.006528429095807198,-0.011635627490604206,0.005006969390466409
0.008225399868680094,-0.010071108625308245,-0.014723814529574275,0.0026293314258567513
0.006893978475311258,-0.01025567957644391,-0.013365813672084226,0.0058861665344092096
0.011522281841397364,-0.005083197306735454,-0.008067884296808714,0.0107643908613273
0.015341654703226681,-0.0025444363075398657,-0.007190316371910144,0.009434618289629215
0.01204240437746451,-0.006945706246414884,-0.011997112202012383,0.004831566172516677
0.00817788446251888,-0.010137450292036387,-0.01481830669520634,0.0026206125614520737
0.00700033807942102,-0.010057567008990187,-0.012994351396463433,0.006483166298115739
0.012286050404069937,-0.004204363656654109,-0.007202455521380435,0.011350393036531847
0.015502507633195162,-0.002639280967039581,-0.007293422814765083,0.009333434570170884
0.011776834371140965,-0.007425543259478529,-0.012518621947620878,0.00446527388086726
0.008012536498741119,-0.010140982240378626,-0.014672224293288405,0.002890671939136946
0.007333068728431313,-0.009730197215185643,-0.01281952348978399,0.006309546580687719
0.011675500970962704,-0.0051041934921499665,-0.007993850501173738,0.011028840893105407
0.01564738982892455,-0.0022944782694073185,-0.006924314060021364,0.009729333082807101
0.012249337444290131,-0.006924486146570263,-0.012245077043888664,0.004226850645008495
0.007232956184326733,-0.011154276957824116,-0.01538735679691916,0.002845634125326124
0.00785969160268074,-0.008959861736524743,-0.01198314154528124,0.00714023430947075
0.012436423655805884,-0.004440564290280613,-0.007566598898667398,0.010965906683995108
0.01502568013950778,-0.003167773896221915,-0.0075362576774314904,0.009669860839826017
0.012609623404427839,-0.0063322925105805394,-0.011353035623009045,0.005412883680504854
0.008486830720331073,-0.010041007856720241,-0.014705611256390694,0.00272407320137813
0.00688575131532132,-0.010416902795758909,-0.013463235407432439,0.005944005210890668
0.011551953661143144,-0.00518221254809248,-0.00818423881735475,0.010639165866542122
0.015031766381852774,-0.003026138793064792,-0.0075134338100908415,0.009464881849983064
0.012233152363883781,-0.006827027694648935,-0.011992726632715334,0.0046806436192246
0.0077576179569863735,-0.010759674891267168,-0.015313429245587984,0.0024687567220262885
0.007058179138807685,-0.009961658266743667,-0.012812791654074562,0.0067738510990857925
0.012525354191767701,-0.004086612011806268,-0.007088644146057699,0.011461731316271706
0.015433012328611717,-0.002871334056274266,-0.007361346653903866,0.009609854708354404
0.012207087156175467,-0.007000025254528586,-0.012013257413159395,0.005026235478856833
0.008395000919623863,-0.009989552564730775,-0.014571674686640557,0.0029477316706070233
0.0071318160129404395,-0.01020316416638023,-0.013265953870080227,0.006073307562537322
0.011505580811204785,-0.005333382625654859,-0.008152852291050672,0.011039012373150414
0.015693214226471297,-0.0023091802682150275,-0.006902257834698666,0.009806149827332411
0.012204659892878889,-0.007125251705431768,-0.012344578666805717,0.004386975760015344
0.007481430871084105,-0.010989102551320129,-0.015259654916730536,0.002955964239235276
0.007825671639600129,-0.009186707653122905,-0.01230816464844231,0.006748589187685838
0.011889710192492076,-0.005103654677307001,-0.008051860006899503,0.010877477070598163
0.015207201970568907,-0.0029252999000713986,-0.00725600981264285,0.009968382379651586
0.012777515820954766,-0.006316653949578588,-0.011287210805226211,0.005616104688134005
0.008652229650481513,-0.010018653983062564,-0.014688370185807376,0.002825105861868238
0.006943545737160495,-0.010473981068233829,-0.013508649766729053,0.005960384848425981
0.011490874495303616,-0.005360107736715025,-0.008297543048772393,0.010698602756915254
0.015138841840640405,-0.00292571120970464,-0.0072296560399777166,0.01000351259720711
0.01279409533644682,-0.00640487885390284,-0.011626451498455759,0.004993977786041159
0.00783897807522016,-0.010944026356360825,-0.015563262908900533,0.0022638176302790525
0.006782165424596087,-0.01037595858960294,-0.013215916253180748,0.0065094258415999695
0.012313320816169093,-0.00434866921986421,-0.007329959075193626,0.011313728547001412
0.015284495992291425,-0.0030639476995334425,-0.007399636032917045,0.009874921229927613
0.01262426132991823,-0.006602152241902304,-0.011587095569995043,0.005504677883295339
0.008770372545100269,-0.009808510633379064,-0.014522582330496858,0.002860470093627221
0.006793830010648372,-0.010775059244786278,-0.013837132341161018,0.00569426357016134
0.01126365700948262,-0.005548748060227537,-0.008283348342589814,0.011061102803416989
0.015763597178317545,-0.0022727549746941467,-0.006798658791361101,0.010029787986909455
0.01239855203083673,-0.007029895646059159,-0.012159442176525537,0.00478006677989129
0.007917955275732691,-0.010676136862802998,-0.015059027775169542,0.003042078373748036
0.007699097757731255,-0.009514338364143504,-0.012649159573842716,0.006514404379628136
0.011678000351548756,-0.005379102837784755,-0.008303607796506518,0.01075227384693278
0.015140110782156158,-0.0030062844061201632,-0.0072354326783781175,0.010172865688682475
0.013019948888675859,-0.006164320468152407,-0.011135418437696831,0.005846635071527606
0.008851637882013152,-0.009916289175460946,-0.01454738487733842,0.0030804692918948717
0.007172231673850615,-0.01035651066064136,-0.013382966006227792,0.0061432320745363755
0.01159006570097787,-0.005393203125667934,-0.008304779276176899,0.010802383579406882
0.015233179207635894,-0.002872911383662524,-0.007019044187548618,0.010449427359401464
0.013264697629061017,-0.0060695047628162024,-0.011391441619923226,0.005099971837556949
0.007668284393303915,-0.011347199444395217,-0.015878384441143756,0.002237969621885272
0.006901841838751754,-0.010288370041545036,-0.013133537406690654,0.00660694083521296
0.012299554871378127,-0.004515140254296113,-0.007498297305942314,0.011221514077883077
0.015138207236572887,-0.003308539586825643,-0.007514180268249238,0.01005549378266668
0.012951263839099059,-0.0062925930977039135,-0.011256147310830578,0.005842012206725422
0.008943721428927964,-0.00984507613956731,-0.014641563656686896,0.0026896048240374615
0.006452175341401412,-0.011290779349917401,-0.01431238482056818,0.005420877886946562
0.011101828910005218,-0.005722941757103528,-0.008410430212430153,0.01103530697744548
0.015721339906513476,-0.0023843272657816383,-0.006808025344992696,0.010222873260008702
0.012636812247964535,-0.006850361743415134,-0.011907579760254028,0.005151958774288312
0.008221388767026272,-0.010573218707570553,-0.01511989365467381,0.002814393240938462
0.007216387703907978,-0.010182850897113349,-0.013190537920799716,0.006323325556101045
0.011733544950873642,-0.005257757095070925,-0.008134838612551265,0.010951652319887928
0.015234852746286776,-0.0030309622654379753,-0.007185522707837788,0.010360398064035325
0.013143289629475197,-0.00621091880891933,-0.011181364153636797,0.005922310768727845
0.00892570271698212,-0.009936974124823528,-0.014562752257620604,0.0031159045420329212
0.007131396590050465,-0.010507146694817115,-0.013485765094421787,0.006137854867075632
0.011518968683390307,-0.005585877704259445,-0.008430108957120153,0.010858175083323318
0.015331812829374791,-0.00282258572511207,-0.0068887987183230415,0.010706039479911555
0.01347064998874592,-0.006005360751659694,-0.011356629661411821,0.005130925202894376
0.007545157743665376,-0.011631568681362614,-0.01607658312455562,0.002263766665221545
0.006993872505349663,-0.01028860776016094,-0.013210904237382692,0.006448731116209028
0.01195423152645092,-0.005026439398169269,-0.007932822973253595,0.011025830804756831
0.015063935619302082,-0.003381717272156415,-0.007478423498738618,0.010279177204539414
0.013215960510228886,-0.006085663955875731,-0.011011538235513818,0.006118058316786135
0.009062016527800809,-0.009919810774635107,-0.014709901808363401,0.0027232512492647576
0.006454804676475967,-0.011376884293847533,-0.014337379747404566,0.005516900352640519
0.011159606559722701,-0.005787963675088603,-0.00848352288190779,0.010992540053067157
0.015565714049360801,-0.0026789786100347435,-0.007026232570505164,0.010203817121773762
0.012664433113653506,-0.006891039454287817,-0.011897923202645821,0.005279834352627577
0.008317095846614775,-0.010612293050991761,-0.015212000461887087,0.002704649276399018
0.006975180034331396,-0.010570358196178353,-0.013515624255236114,0.006208945660504117
0.011721268217996683,-0.005296419467750502,-0.008144957374729866,0.011022390548720118
0.015281594509059193,-0.003066201519224987,-0.007192325547889511,0.01041675257007535
0.013110619132174595,-0.006396855524333445,-0.011354934522076032,0.005887587718191867
0.008932277186597837,-0.009954020085616078,-0.014446649927976951,0.003448965562143802
0.007508241489702194,-0.010249133557099888,-0.013370789493958979,0.006046028674432491
0.011107099554419797,-0.006238756492922493,-0.009006350002786156,0.010583719486674359
0.015269777254180661,-0.0028625586548219895,-0.006963108776161242,0.01059234709916157
0.01325560287966765,-0.006285113706656964,-0.011468564021353433,0.005328087527565084
0.00790613102188975,-0.011259847348636387,-0.015654471440602835,0.0027304916460194617
0.007337575395027773,-0.010138598272365407,-0.01315125498017733,0.006447301893383828
0.01178090970639789,-0.005375974941314476,-0.008264473761825375,0.010846823654611981
0.014954792276335227,-0.0034867124578588093,-0.007448397883412894,0.010523786379708078
0.013530760739234537,-0.005800643672903116,-0.010670764108283937,0.006502607033930685
0.009295378496567142,-0.009889510437940285,-0.01469747830772905,0.002816273740206321
0.006502781703760729,-0.011442464070646863,-0.014381455167646884,0.005574455204724105
0.011203688209755813,-0.005854778718022202,-0.008632762192526844,0.01076405323472851
0.015181878675700866,-0.0031557301526234927,-0.007293416324384516,0.010345132652162636
0.01306205347894518,-0.006448921996776824,-0.011433370958494171,0.005733348947319139
0.008605636649744008,-0.010529873168531156,-0.015218540031565309,0.0026360247759087407
0.006729538138759761,-0.010995847989943908,-0.013911080158422018,0.006003704034705404
0.01163070631789287,-0.005394254617066996,-0.008240153308238352,0.01094162423619427
0.015132349700448744,-0.003295104183330788,-0.007357447581201826,0.010401264326611814
0.013142643938523269,-0.006404600343106637,-0.011319649379961105,0.006036893020585077
0.009096738893794809,-0.009905033668362262,-0.014553640339145968,0.0031677172631157102
0.007014448140267415,-0.010878689926062446,-0.013850495008349228,0.005962243299148073
0.011364731590649657,-0.005822507900078544,-0.008497775870827451,0.011124513801873848
0.01569833767660822,-0.002571963249419884,-0.006678626318669667,0.010886982968627446
0.01340189478635323,-0.006305228213584924,-0.011418827065340253,0.005594617220511022
0.008260779352507575,-0.010938468801835688,-0.015317761449946676,0.0030714520825821934
0.007541677634506305,-0.010114361536245453,-0.013239451063711605,0.0062207549930642925
0.011303208059823655,-0.006073321115219188,-0.008919923176618605,0.010473099724748414
0.0148250055484338,-0.0035178500802005574,-0.007343996785107665,0.010835967528220025
0.013940012647917555,-0.005403922540172523,-0.010247631870815344,0.006928819834192246
0.00956824253796773,-0.009783707726743085,-0.014567550939635132,0.0030488465318416758
0.006692620601771004,-0.01136799847521186,-0.014298828095204885,0.005714863174011708
0.011281663030251576,-0.005891788342505588,-0.008710944280389987,0.010647448822355798
0.014935461886218748,-0.0034620346780226408,-0.007372293388119067,0.010620340558607166
0.013486412556539928,-0.006062804552771306,-0.011071656940716212,0.006033472987688748
0.008683218695739181,-0.010670504171864659,-0.015353039196598695,0.002616091897371775
0.0066917572539146875,-0.011136875292964699,-0.01404949609568329,0.005931346830235329
0.011522392879074639,-0.005586641646899926,-0.008408637075885017,0.01083535332298513
0.014969503924072258,-0.0035228527710807755,-0.007428855612073515,0.010616284992717717
0.013497276862398211,-0.006037534138437217,-0.010879984454711167,0.006524389143184872
0.00943831293869557,-0.009768721444869288,-0.014502290726403855,0.003135730239416601
0.0067505925749740125,-0.011377452018949241,-0.01437337584643239,0.005557756736051966
0.01100601523693645,-0.006203115146117266,-0.008794220677747266,0.010994999924914928
0.015635053434185253,-0.002660066777820491,-0.006732984098257289,0.010885549280426399
0.013325739234329781,-0.00648396105954363,-0.011491107755105423,0.0057678909492688835
0.00854119826575428,-0.010715855836486265,-0.015159465105359149,0.0031534085745543727
0.007452105138394671,-0.010392443011987385,-0.013614290150905095,0.005791448286879053
0.010763946771036093,-0.006734574304377294,-0.009567128545143744,0.00999817178576512
0.014509145289154701,-0.003766899172545246,-0.007479095450959705,0.010889421352782702
0.014087563559850191,-0.005284311179840073,-0.010128004019430814,0.007089691552281563
0.009685166849423554,-0.009758639934773106,-0.01451902063323074,0.0032002541084320546
0.0068435345281961935,-0.011305594730626867,-0.014254600207070034,0.005783327699627083
0.011284560495038676,-0.005986011627272858,-0.008778740397673346,0.010694897563342631
0.01502936573550473,-0.00334316783099875,-0.007074290687259621,0.011146916028567544
0.0140396851966339,-0.00563081525800635,-0.010708231523010925,0.006325183758220443
0.00875602758512739,-0.010842360485594504,-0.015583827857944543,0.002453710387015917
0.006512843297823534,-0.011417639630465937,-0.014336995134144437,0.005747364449378178
0.01138252000594464,-0.005774565718924429,-0.008594502931639436,0.010718894841504456
0.014848836943320065,-0.0037004652783532155,-0.007510094618436547,0.010781136582050377
0.013813382359798232,-0.005725010089509097,-0.010562054937158116,0.0068698666846020995
0.00970398679742357,-0.009662460820693775,-0.014518657478892694,0.003010428732622028
0.00644940119081161,-0.011839024916981855,-0.01479966468326599,0.005340841880810077
0.010948145124260678,-0.006237181523171209,-0.008813880021069531,0.011018745966604238
0.015628727169972434,-0.0027337432194469713,-0.0067435483190040335,0.011032860052143878
0.013518054855631956,-0.0063423441336734054,-0.01128451855492707,0.006130086909026611
0.00893163312469425,-0.010454485259941193,-0.015074261185195392,0.0030331257972530112
0.007077430194554202,-0.010949688175788674,-0.014099044299492602,0.005583420860026833
0.01077388871515994,-0.006673917934133189,-0.009496995984582313,0.010100041214250233
0.014582472926281398,-0.0037421041222724383,-0.007361925393708946,0.011173533798126689
0.014389002570059373,-0.005084102975409399,-0.0099383441616534,0.007337847227482985
0.009884398950229856,-0.009673229393343585,-0.01444046012092759,0.003334655234722761
0.006933784020587863,-0.011338697286238264,-0.0143791142234021,0.0055757078406060145
0.01092537124505255,-0.006471326656791843,-0.009170453078634011,0.010577399746417304
0.015111057889411361,-0.0032017475322195788,-0.0068468962488926755,0.011492147257467056
0.014382657959500611,-0.005389003053076991,-0.010548935954466376,0.006379737952217468
0.008601410606038029,-0.01117414953081819,-0.0158388927615154,0.0024611081726362283
0.00668934232672036,-0.011255316339291888,-0.014265295815735435,0.005696700052710835
0.011160088560209891,-0.006131687505029126,-0.008925691626981092,0.010516566700475127
0.01469969712625463,-0.00385430863144115,-0.007525717123031517,0.011026551462868184
0.01420592964679035,-0.00532834238822133,-0.010152245528132986,0.007269203047874595
0.009955781288669363,-0.009593289454711829,-0.014525953140743786,0.0029584356758300956
0.006260681080835995,-0.01217330777627168,-0.015118736429616253,0.005160850834519892
0.010843335812196098,-0.006371150729976405,-0.008969141741933417,0.01086965607238205
0.01543234382275177,-0.0029762081389743678,-0.0068692692077842454,0.011135649987308482
0.013739548627564269,-0.00611543209142873,-0.010987023865085987,0.006532287888373345
0.009302625528070263,-0.010218012983331692,-0.014951061468539195,0.003030696055973614
0.0068691537526319735,-0.01133144447209955,-0.014456239161180884,0.005392198787762759
0.010687085493699233,-0.006759854849483438,-0.00957290052074461,0.010052373767489242
0.014495852621242422,-0.003896074253446735,-0.00749698852695907,0.011106005424361132
0.01430525617000461,-0.005244031810684613,-0.010078267295640153,0.007330608432263075
0.009962314184963128,-0.009557202556904953,-0.014136267423396465,0.003922111969990927
0.007635558433294776,-0.010738225570608106,-0.014007712346428947,0.0055986209380666785
0.010532619791542186,-0.007130452289997924,-0.009757305498515778,0.010287765446039876
0.015044684125843921,-0.0032069918079310478,-0.006801837404153244,0.011620870896058011
0.014527688737821842,-0.005273495477524703,-0.010409952288066404,0.0065322725607292464
0.008646571993061403,-0.011242721243247322,-0.01583444351603669,0.002642695362328862
0.006920056795443941,-0.01112531868069666,-0.014264258566722199,0.005564840578682562
0.010859444210796432,-0.006569530952077907,-0.009354219072021441,0.010218168858147136
0.014498943366443084,-0.004004504949250809,-0.0075202840850359665,0.011269446151767892
0.014568238274704604,-0.004970347227238381,-0.009782112364341289,0.007621449791577195
0.010152974072799137,-0.009552308881401794,-0.014451202579465972,0.003165739564243486
0.006490901264069371,-0.011988302331491396,-0.014887156450717143,0.005456119102072998
0.011061434897352174,-0.006295468389262593,-0.008965234381308751,0.01080394219616132
0.015195129828667275,-0.003355483589114583,-0.0071547920178046676,0.011093514786204073
0.01382594822172628,-0.0060278848679445884,-0.01083992071774953,0.006775590433552692
0.00951590474461228,-0.010123918020615186,-0.014936440462183564,0.002962603599535485
0.0066218227681524855,-0.011749521539637708,-0.01484660442403174,0.005187367022577938
0.01060342021071703,-0.006849543094101851,-0.009662326787547304,0.0100151841888656
0.014466213865156341,-0.0039661061279712695,-0.007559664708371716,0.011064491457180414
0.014185224077407688,-0.0054884219241930765,-0.010325988351206017,0.007200399319864437
0.009903650268164976,-0.009671247076774026,-0.014375740532342585,0.003545623368128692
0.007117201376194537,-0.011355565905157405,-0.014556318059287365,0.005297163559302875
0.010471255399742974,-0.007063528585623535,-0.009565380157904313,0.010635637707199719
0.01545854541591285,-0.0028444351923325173,-0.006540359849118327,0.01172863393582152
0.01440969774976264,-0.005538768742728684,-0.010525016622423444,0.0067820720901277665
0.009160507816939278,-0.010651566770524812,-0.01521693814410785,0.003227577028797779
0.007338218721880174,-0.010890256275767562,-0.014118360580376021,0.005599840939258971
0.010650189355479733,-0.007012394697332058,-0.009800972899263238,0.009954772770135734
0.014362273357371336,-0.004129252524577243,-0.007567778815012527,0.011400266106993573
0.014808312719311267,-0.004717294474067046,-0.009494614247666733,0.007920527647649389
0.010321484051120433,-0.009549652308532941,-0.014456981965698779,0.0032530271716161296
0.006572905793603756,-0.012000960438022013,-0.014915921900083617,0.0054866243530096726
0.011085705365902698,-0.006366986292687726,-0.00915589382696197,0.010486246626909945
0.014729870166105496,-0.003882478551707147,-0.007480771802115205,0.011151807627978794
0.01415036297556782,-0.005650516093663904,-0.010485410599169742,0.007065885915552905
0.009640445537809184,-0.010174804253001435,-0.015024449714669652,0.0029194996697574638
0.006541413309633093,-0.011933232941825356,-0.01504525196448736,0.0050690204283981855
0.010518147063187655,-0.006975346278007832,-0.009798029339038394,0.009900777798917293
0.014312283519353208,-0.004169150044257719,-0.007662288480871582,0.011178257496200106
0.014429448909417608,-0.005226904256979525,-0.010021525440557455,0.007557601362636002
0.01019266402760971,-0.00951546601321085,-0.014266709764920615,0.0036436302886885263
0.007098863213907625,-0.011552241368451788,-0.014855371124722738,0.004973800703273246
0.010100773366301496,-0.007487838326906582,-0.009909836461056254,0.01049831482232888
0.015470499676755567,-0.0028125577441551752,-0.006518510259974464,0.011743072136704613
0.014350357214982568,-0.005673905346103458,-0.010559012867606743,0.006984838264554316
0.009500619573156788,-0.010322027018086322,-0.014910888352415164,0.00350594776223484
0.007502438244995746,-0.010897313447034152,-0.014296309930062812,0.0052379604137439695
0.010081219723633239,-0.007748111493393328,-0.010543124612408472,0.00940186380113528
0.014032712063416886,-0.004329618251512013,-0.007623725103551915,0.011563940580646415
0.015121276933207528,-0.0043851260539170545,-0.009167965100428388,0.008234965427002916
0.01054001340323657,-0.009438757010070853,-0.01430787115459603,0.0035316077990457106
0.006879540510816795,-0.011797461080337135,-0.014847918919061287,0.005418740926118104
0.01086308662797214,-0.00670899220432547,-0.009488265393624962,0.010267115223313583
0.01459468876508696,-0.003970294415120756,-0.007419099380572447,0.011441843998003132
0.014560053628027925,-0.00525441225567147,-0.010122180511680845,0.007362873057399466
0.009764485044990778,-0.010223601546463013,-0.015073206216114576,0.0029893653230047
0.006651473066768276,-0.011884656887525269,-0.015029300963272152,0.005098673141690324
0.010514273869371427,-0.007041743688620317,-0.009853688176800823,0.009894807295770136
0.014277230446641531,-0.004263831474282331,-0.007687673310272369,0.011320932283324203
0.014654222066381395,-0.005020273092573968,-0.009793808438958718,0.007836205652147377
0.010426241304667794,-0.009408896295163505,-0.014275512205040475,0.003516699153171321
0.006796481404274968,-0.01200203703622199,-0.015256741438358978,0.004797025238179042
0.010111285499817657,-0.007427452786658684,-0.009845924716826271,0.01056516063689067
0.015484551562201188,-0.002870562606833049,-0.006552591433220234,0.011796555848330725
0.01440992518902412,-0.005657519386891796,-0.010453638853996139,0.007285601289224453
0.009898774057043813,-0.009961254831023059,-0.01462443222669263,0.0036738725821480744
0.007471499602427878,-0.011112015629264838,-0.014579010439434381,0.004950340060451031
0.009739561951002396,-0.008183268565228552,-0.010984618321629946,0.00908462596706583
0.013841920459412349,-0.004467927560222962,-0.0076818889769952325,0.011641773796388477
0.015264302682469644,-0.004271205382799015,-0.009057922523336981,0.008383936175268114
0.010666140295663595,-0.009375100684171245,-0.01420825037488449,0.0037381966797663813
0.007104033202567195,-0.01169235677037117,-0.014947180621481482,0.005087256999036838
0.010320342011491068,-0.007343385945629555,-0.009952330018871858,0.010188009206582471
0.01485130981608812,-0.0035415690196696215,-0.006863886988797696,0.01208583279615344
0.015153511662814867,-0.004771367046787822,-0.009686453498317038,0.007716475683677282
0.009886331215068989,-0.01033489779886021,-0.015213436032933236,0.0029555623488911054
0.0066487295471084895,-0.011954831504027374,-0.015143038464577263,0.0049801635843960135
0.010352787067869351,-0.007255547122418438,-0.010035739069610583,0.00978157739972979
0.014143404840868734,-0.004450508454985791,-0.007769534935477829,0.01147349265580061
0.014944708042038624,-0.004730827428054363,-0.00950035351232209,0.008141231162775986
0.010646360592921345,-0.009328457550612568,-0.014293480130735559,0.0034042497350583734
0.006526942432096894,-0.012400525891998304,-0.015601418360869923,0.0046445076784109585
0.010090137995482196,-0.0074455343641012806,-0.009903965143855054,0.010458074068065593
0.015283471719910735,-0.0031449134448805482,-0.006743701053075146,0.01179746776560514
0.014516249176830087,-0.005545241436720416,-0.010274912207491882,0.007580322841605647
0.010204702963245438,-0.009762709082675791,-0.014579570176913303,0.0035208780761430414
0.007077121672605879,-0.011666214741073988,-0.015046610076739131,0.004763584064084225
0.00978303769414407,-0.008070446578935409,-0.010865345082297806,0.00920464096133261
0.013909399904981579,-0.004461106341548116,-0.007632665446551334,0.011772320894270272
0.015358754146580889,-0.004284576486836611,-0.009078844768712624,0.0084424336915645
0.010735159612302925,-0.009359265020873975,-0.014171487349117995,0.00385076268899176
0.007213297481277969,-0.011674022273002793,-0.015041339340705617,0.004857101688254761
0.00991183322839434,-0.007873195363805152,-0.01038368210684093,0.010036859317084923
0.014924708174266221,-0.0033897522291519433,-0.006653698650404494,0.012367386756653276
0.015425019811246055,-0.004570794013325885,-0.009533709159029069,0.007799908350809515
0.009808720074901078,-0.01054584440085754,-0.015343441919295153,0.0030529144736442526
0.0068812897253774374,-0.011746188914349198,-0.01502958540424626,0.004956194692983695
0.010144730012173586,-0.00760070543225172,-0.010360863097769124,0.009575821836202758
0.013995545440662727,-0.004594285029478784,-0.007798482802955864,0.011656079337054093
0.01524439342648859,-0.004429576974049332,-0.009192335900229387,0.008426096212304668
0.010789854902336304,-0.00932365100360194,-0.014261016397539461,0.003547462706507465
0.0066831424383964055,-0.012286814957778336,-0.015438321734221883,0.004882810368910917
0.010278384462550194,-0.0073716719215699,-0.009878366473577038,0.010443605212398455
0.015134362161296655,-0.003422966925673898,-0.006983779350635544,0.011692564058469523
0.014453763040215062,-0.005624758442367039,-0.010247455259841998,0.00779215491009333
0.01047841341647393,-0.009531748499993775,-0.014364187386089411,0.0036875921822630553
0.0070649386333314634,-0.011863317011703511,-0.015274542161214655,0.004593334139142979
0.009601321396119522,-0.008314391215215378,-0.011091424451363074,0.009064665768155455
0.013798436272208725,-0.00460808790659345,-0.0077947559083955675,0.011601390495085517
0.015113654364716955,-0.004618841796623863,-0.009390757048991283,0.008258027918449817
0.010638122396379401,-0.009435715092984909,-0.014168068293849145,0.003980183794821068
0.0073681124866532555,-0.011603260983601371,-0.015064230534419853,0.004747054974507781
0.009684414626509597,-0.008171489699696222,-0.01057517257459989,0.010066184496538177
0.015089694469799408,-0.0032054992610316413,-0.006460052403981176,0.012550111903475047
0.015508919000655985,-0.004578268160702892,-0.009492197810927527,0.007942690751389703
0.009942271152383053,-0.01046307877292435,-0.015190252318904529,0.00332214130427011
0.0071404048677272125,-0.011592097697182724,-0.014981989828083908,0.004856197519169325
0.009822785855776561,-0.008096842524536518,-0.01084016389401854,0.009255978864814551
0.0137935267790949,-0.004745105473908939,-0.007806583759790098,0.011875246542664863
0.015591554384837003,-0.004065176586486585,-0.008802693614029966,0.00879890139020173
0.01101163708544034,-0.009252763005055675,-0.014179254623959026,0.0037006483804561396
0.006794019315016553,-0.012270021799360098,-0.01541746991203502,0.004950697152564298
0.010304312740167965,-0.00745166354571053,-0.01006145267958053,0.010131909573368791
0.014649963571854163,-0.003983726445518032,-0.007339595651057351,0.011725701843745717
0.014761658429895796,-0.005226690250856758,-0.009806364920925903,0.008222745249705565
0.010766288392215495,-0.009379410845727576,-0.014173365234617874,0.003955860186599436
0.007253310574451111,-0.011822380405839383,-0.015282047685732603,0.004581506794256174
0.009509340944360789,-0.008489838778495407,-0.01123004834869984,0.009000673304990325
0.013705558794257555,-0.004774175805734693,-0.00795143622953326,0.011486286121859424
0.014955165530265713,-0.004849659785725102,-0.00958059885527951,0.008191344759748032
0.01061763140413935,-0.009491248671067654,-0.014208642170801977,0.003990355608756213
0.007340404989659821,-0.011737568579126667,-0.015250983957019792,0.004568447776072737
0.009483373299932873,-0.008414076231957057,-0.010772707227959089,0.00998588962079372
0.015069640344491098,-0.003263092981686644,-0.006593174569721694,0.01233421093878645
0.015189945650883108,-0.004937046752316543,-0.009663138386030667,0.008131939619450301
0.010403163267870608,-0.009900959255065123,-0.014591689184461687,0.003881285931019829
0.007528465295754128,-0.011400770597843835,-0.014925277759341327,0.004758858863202542
0.009486823979903802,-0.008644012638133525,-0.011404556792235176,0.008857876358919492
0.013557135040025925,-0.004915460380879977,-0.007894399654360063,0.011935603932511252
0.015753364376856538,-0.0038787670977328825,-0.008582976003860543,0.009036178743873025
0.011154630676066202,-0.009239131217759267,-0.014155395561836204,0.0038482243605566513
0.006990893998857106,-0.012150840914725514,-0.01539930026929226,0.0048964069319253345
0.01016711528023495,-0.007691520781153149,-0.010375950057127437,0.009792042384009714
0.014287913048392664,-0.004345431692572288,-0.0075379520227550345,0.011845224994711467
0.015126949831877179,-0.004803217317969288,-0.009422425369972287,0.008524288262195645
0.01091604234717497,-0.009374977599740542,-0.014170954761711041,0.004058518629577013
0.007386205547674551,-0.011763872103833561,-0.015289479164309394,0.004560159811499265
0.009456141205436364,-0.008603764816692006,-0.011355713460788064,0.008908117638701085
0.013599507994331017,-0.004921545390245197,-0.00802630780970387,0.01160754991799906
0.015226041300053506,-0.004522309858321805,-0.00915823109681746,0.00873431393102686
0.011153089979982767,-0.009079936032239333,-0.013919163224869913,0.0041470842845302
0.007286466655933965,-0.012009539581428585,-0.01561425361375729,0.004240519055159486
0.009184072948283384,-0.008742818251159856,-0.011073170580953584,0.009827608205754068
0.015041707223548362,-0.0032680480381038213,-0.006619000276377296,0.012301144700763378
0.015114079734297903,-0.00506499981393288,-0.009694385831512331,0.008343339334416278
0.010785510079075744,-0.009510435221499858,-0.014242519900694028,0.00418894076820836
0.00773963133101635,-0.011338886096519174,-0.01502652816996608,0.004487594415764351
0.009038727131337021,-0.009235924761535286,-0.012010499781576867,0.008410289475066668
0.013304554187966888,-0.005066789916082837,-0.0079579250183347,0.012020944121104882
0.015947969147179497,-0.003678806667909429,-0.008399669978972568,0.009222225599052114
0.011298809098786167,-0.009156896213815602,-0.0140277421783353,0.004107693199405071
0.007304132051707712,-0.01193720480259236,-0.015397193721222724,0.004653763947198075
0.009713646693749023,-0.008246537087474803,-0.010816486883255483,0.009658655942888172
0.014445082482436589,-0.0040279508782608,-0.007096672996829201,0.012396067834006319
0.01568058922322435,-0.004308439281338394,-0.008940529064339175,0.008965960799790174
0.011182613707169164,-0.009291037105133348,-0.014090633953852127,0.004235564575792661
0.007563729164852817,-0.011679735909739364,-0.015275605502130696,0.004528679972587102
0.009343425135787509,-0.008783304219618482,-0.011501201545908168,0.00882978947223112
0.013494135674118779,-0.005093105082102867,-0.008135454178739732,0.01167150291733976
0.015391985065670966,-0.004342581786741295,-0.008907728487627664,0.00909140177358303
0.011506214989656927,-0.008838777915735063,-0.0138252674849067,0.004045242510347713
0.006936642183979547,-0.012527568404141931,-0.016061990569151807,0.0040421403002454115
0.009184148191507813,-0.008699755476370086,-0.011071592444626466,0.00975867644331635
0.014869321338510488,-0.0035170975578290853,-0.0068232366009484124,0.012215943058540846
0.015077108081849422,-0.0051022720743354455,-0.009613999338697332,0.008632245003333261
0.011180340330434357,-0.009141913767377274,-0.0139420998006895,0.00436333093695801
0.007702840537888445,-0.011560552709585947,-0.015306044395524354,0.004214024686518325
0.008722826766465075,-0.009627849694957169,-0.01240193510170573,0.008118078647814053
0.013101995349452777,-0.005236843596553131,-0.008071171206911976,0.01199794229475154
0.01595184196451971,-0.003709769433448251,-0.008421010857409872,0.009260211088999937
0.011342772215562513,-0.009137529387977406,-0.013924423312413503,0.004366188478978794
0.007615207202994467,-0.011711373236529155,-0.015327682409385757,0.004523181695943346
0.009365984713545772,-0.008721951576686537,-0.011218247230182776,0.009471505584595474
0.014425095175781444,-0.003970242061733575,-0.006930441044575242,0.012695540510341385
0.01601614504795218,-0.004023777279218266,-0.008724339445285723,0.009054280155715244
0.01105181802793187,-0.009601974203113872,-0.014387566353381898,0.004098716060486118
0.007541434706431593,-0.011693777282384965,-0.015289118833756499,0.004533886999870784
0.009317544260394162,-0.008866470907727686,-0.01158028798008931,0.008785892297883902
0.013422260299932098,-0.005198686683738907,-0.00813424002383123,0.011870740962841464
0.01569323598035771,-0.004043648446030335,-0.008596107051550672,0.009400873928746667
0.011710385513947597,-0.008763182580791284,-0.013795235774449632,0.004044833887684951
0.006826481692371766,-0.012737552587684164,-0.01622103714020645,0.004020535269313785
0.00921773918291413,-0.00870770163034601,-0.011134781165762608,0.009625020626069292
0.01461238336135362,-0.003861277811601671,-0.0070739598181912,0.01218403971792692
0.015184646523634437,-0.004961102062274736,-0.00940277106936832,0.008940250778172731
0.011484099135633363,-0.008891002139035264,-0.0136703356690413,0.004636009178942746
0.00783706057264455,-0.011584641292948894,-0.015359229476899605,0.004195240378994491
0.008674119172788597,-0.009721910094360242,-0.01244065081535517,0.008171978994078566
0.013144947884689284,-0.0052695621587148245,-0.008122282312802265,0.011944632803070454
0.015805661988419706,-0.003972896444823071,-0.008674845435354572,0.009113337154564638
0.01124009479061805,-0.009263339706298335,-0.013999047874711124,0.004407626087127914
0.007689585433690582,-0.011720930519925399,-0.015466895453613516,0.00424273820919796
0.00892989688970136,-0.009264709861314113,-0.011695655710190711,0.009220024740723864
0.014377095460257894,-0.003941236111443147,-0.006876093041965958,0.012775681590920407
0.016081823969299358,-0.0040009912230716815,-0.008714988908527566,0.009052348700609003
0.010976408068871124,-0.009764463528667722,-0.014535907183146235,0.004056236299736171
0.007565883412983643,-0.011696574034757434,-0.015353955516113404,0.004407289646078005
0.009106389376619839,-0.009165493522142965,-0.01189119078639661,0.008552852811413547
0.013260045996207337,-0.005332415526833945,-0.00817881886238575,0.011996816918663833
0.015937460031860473,-0.0038130220655876457,-0.00846799012120647,0.00939049405463066
0.011545519285634798,-0.009020201610870915,-0.013949400586442673,0.004156620054626581
0.007157554916683462,-0.012335614959492258,-0.01582620087893899,0.004366474906913831
0.00945397244661561,-0.00859343560136061,-0.011102307720582627,0.00957650172934904
0.014432034463492005,-0.004160354839114755,-0.007346727596207803,0.012076826213753555
0.015219514169658,-0.004874802187296967,-0.009250908511820866,0.009201061796107746
0.011797744694746926,-0.00857971011170311,-0.013334500294366336,0.004970954903189662
0.00805610412442237,-0.011520477000925178,-0.015367215286430091,0.0041787030909220535
0.008615917534727124,-0.009852527497940244,-0.012580311587873205,0.008097603385164298
0.013115405122128831,-0.005326585804671602,-0.008241720008934306,0.01176659204643099
0.015566479503252129,-0.004243611389449509,-0.008846897061975667,0.009161236695649055
0.011461466172029644,-0.009002248470044105,-0.013755437738596277,0.004620868631928343
0.007820052411864564,-0.0117130421984174,-0.015550253251841784,0.004120794770664682
0.00877274384388127,-0.009463116091127433,-0.01186388901802049,0.009173834113782475
0.014441395336529439,-0.0038677535740779534,-0.006880461061502224,0.012667486293554964
0.015874472736309125,-0.004241175014813026,-0.00880014699352022,0.009275906218621621
0.011445210188791799,-0.009210685402495644,-0.01397344148678381,0.004579843968196995
0.007969709936008151,-0.01143250262178025,-0.015183568050226692,0.004475856365676767
0.009007101603025425,-0.009421582151630525,-0.012170221797228986,0.008369308002231235
0.013157223422338438,-0.005411371958032263,-0.008196679283672986,0.012099865467345733
0.016123737404522248,-0.0036091829236842288,-0.008258276193408826,0.009574061287965868
0.01161743532645243,-0.009058602234720603,-0.013946127148097065,0.004314494625243193
0.00740186640864593,-0.012116105327651894,-0.015645306679164417,0.004517622200619131
0.009534630333235705,-0.008624052463020171,-0.011266975992114348,0.0092574179719363
0.013954205293859101,-0.004706739674471105,-0.007720248258527546,0.012077753990413914
0.01553902995404613,-0.004429878600477444,-0.008798681672151254,0.00959120109977804
0.012049585802096252,-0.008437836117985542,-0.013164463626922973,0.005205712252168981
0.008238180700738118,-0.011454090611544343,-0.015344098104280224,0.004208459213869309
0.008601599031477059,-0.009932353356926549,-0.01265962161985218,0.008037541115711144
0.013005778210242014,-0.005491663695292026,-0.008351382106851213,0.011780163639962704
0.015637795998839465,-0.004135426047825463,-0.008571797162040595,0.00964561317444379
0.011989131855425439,-0.008555286312373012,-0.013367532766009882,0.004913460937542746
0.0078942260403142,-0.011861452582535958,-0.01579882700936386,0.0038269484554755984
0.008379329380409306,-0.009951113874301365,-0.01229724403285476,0.008918612384501479
0.01431751782974483,-0.003965385973985436,-0.006985033137383301,0.012538389888372303
0.015662920196494123,-0.00450723379480239,-0.008936303964086068,0.009387330718693854
0.011696391046745469,-0.008952965417734104,-0.013703526656254905,0.004860305774979257
0.008166219054931423,-0.011380259976422336,-0.015286146662356337,0.004172437191775624
0.008461066363316228,-0.010143957560606653,-0.01288785345817084,0.007822804591074317
0.012791018209746707,-0.005667800854084526,-0.008312120214947816,0.01217686437602089
0.016314246236552365,-0.0034012984160562976,-0.008033075577686288,0.009792118825958374
0.011726679812250729,-0.009051906596671488,-0.013872951994196525,0.004537254836563587
0.007657109362373349,-0.011947478527912503,-0.015581789424419346,0.004452115307505278
0.00929227812291461,-0.009009270993946106,-0.011680302626342565,0.008883351430776287
0.013588194839650403,-0.005056088037311224,-0.007901842328908337,0.012170494160520351
0.015808148501715802,-0.0041221601367896765,-0.008492789681279644,0.009836940640991276
0.012125711920813853,-0.008510906840060062,-0.01321093433161441,0.00527225745958515
0.008317188472619141,-0.011443784771709375,-0.015350750152184178,0.004217960505358609
0.008562597378987402,-0.010036069450971186,-0.012743810025354851,0.007991077248486356
0.012906009013514463,-0.0056591232934464775,-0.008463737078619915,0.011788944921350852
0.015682437485859624,-0.004089332086654129,-0.008397620893080882,0.009997183454368175
0.012372728599540306,-0.008270581838382196,-0.013222354737941422,0.004848758599881486
0.00754498505127793,-0.012403140794218281,-0.016272159879203663,0.003594862681776445
0.008321389812083135,-0.009974153923974105,-0.012326208854051002,0.008874044644806067
0.014203729744986904,-0.004154620863632608,-0.007166267365112611,0.012405851386365963
0.01550856387784133,-0.00469633931979091,-0.008998923723893382,0.009571641084229698
0.012031852617058691,-0.008591867320353164,-0.01332448427385824,0.005217478172213852
0.008386098461182712,-0.011329325051099626,-0.015368368586065329,0.003928958830917428
0.008000090179148045,-0.01077154543706954,-0.013502087760042913,0.0073827303983319825
0.012518313042678142,-0.00586842583059749,-0.008447814774612594,0.012141423309063648
0.01633151300960839,-0.003383705461857789,-0.0079724804416198,0.009924213775234503
0.01185282444567809,-0.008966198777408119,-0.013720408862419986,0.004816910026319177
0.00795756775996359,-0.011764942182551918,-0.015602290518650253,0.004184737199656952
0.008789955805029226,-0.009625459103041578,-0.012171674179895453,0.008703297312201264
0.013688447686191096,-0.004815620687823652,-0.007596376978033115,0.012487059481551377
0.01604815464229098,-0.00396758606625186,-0.008336553906500288,0.01000674349356695
0.012205034350272148,-0.008554040073416869,-0.013251721236166802,0.005337950428779714
0.008439372151662183,-0.011315950597471258,-0.015131677679684041,0.004578381302318191
0.008960351362536367,-0.00966204685457317,-0.012336768073178184,0.008383637676170896
0.013121788092947395,-0.0056527199766682745,-0.008563799155853036,0.011625333682854622
0.015405884993420826,-0.00444248631870231,-0.008627992700643239,0.01002797311091691
0.012579843869088725,-0.008055036023210171,-0.013117738376713095,0.004757208347715869
0.0072195567082525836,-0.012863078239276626,-0.016639974398811486,0.0034638311885570316
0.008351868639467075,-0.009943322150746947,-0.012374294172483813,0.008742054098870689
0.013983104671377533,-0.004442594186897131,-0.00741974327343875,0.012282720807163527
0.015494727870032421,-0.004650412726180941,-0.008848335083317838,0.009859321308628322
0.012374043045342509,-0.00825514333253774,-0.012967364341210375,0.005546306524487399
0.008563395216665104,-0.01131002821459498,-0.015400389929916325,0.003893798796637371
0.0079203093405123,-0.010894026713670457,-0.013578327301749848,0.007394719842661268
0.012547633974362926,-0.005870244862394569,-0.008427493176015488,0.012204341671270491
0.016354815612142193,-0.003434417648770338,-0.008006494874761738,0.009964502780209883
0.011895549896313695,-0.008966939826977993,-0.01367666912796861,0.004968909640642338
0.008142587754603803,-0.011651871099004396,-0.015617255604188474,0.004006956735651157
0.00843482063640677,-0.010091858736434423,-0.012581493912615982,0.008490851197908988
0.013653947493150576,-0.004746194183886887,-0.007387146064989192,0.01287475683246192
0.016527733206774642,-0.0034983906981508883,-0.007939041177571493,0.01023009134627928
0.012158352605823264,-0.008799979774680333,-0.013483411941570267,0.005248794738460405
0.008433939498584786,-0.011366317908626078,-0.015319980662936883,0.004220727780159694
0.008460296914555188,-0.010244112704149488,-0.012914905565901025,0.00790358096102034
0.012764664083217359,-0.005885666959642488,-0.00854452553093199,0.012023490278157412
0.0160934639185622,-0.0036830489941763744,-0.00799101873659136,0.010392597621104283
0.012613856803873225,-0.008212093689345445,-0.01317999686385457,0.0049512853660249045
0.007584441417782084,-0.01245455102387677,-0.016210654869445895,0.00387754804663637
0.008662972772372268,-0.009731434036864994,-0.012193319571443484,0.008853272247249022
0.013913569854083874,-0.0046692183360069195,-0.00763325586455238,0.012177292723044908
0.015420589028364018,-0.004746074256095745,-0.008848177943255098,0.010054667174799858
0.01268504650764457,-0.007921546603257168,-0.012605975060523467,0.005883139858312403
0.00874554572572983,-0.011291025722504788,-0.015426039449584872,0.0038670361494206884
0.007818211104091533,-0.011091871806525044,-0.013766478276916183,0.007295637992035253
0.01249129897777601,-0.005963721195035299,-0.008595134905675483,0.01194027757669125
0.015977715629360845,-0.0038395066311955883,-0.008217867379755217,0.010082568784298918
0.012237495999245507,-0.008561929068930163,-0.013273468167559477,0.005296251606597302
0.008286262005804956,-0.011691569736639762,-0.01574601591367758,0.003819341260445419
0.008136206821853897,-0.010487920911153581,-0.012930138137754621,0.008311667114768995
0.013612493453827645,-0.004737546104854551,-0.007357258595191152,0.012899307781453428
0.016485047979028555,-0.003599958015972682,-0.00799841285088776,0.010248172766129493
0.012163282660448804,-0.008862718540081305,-0.0135366702002091,0.005276151557381925
0.00849344949025288,-0.011351360699104251,-0.015369140550833438,0.004093785635506275
0.008220909295119316,-0.01057953558764807,-0.013249735009507824,0.007649288062060111
0.012570780552161986,-0.006050750047490505,-0.008613430833684543,0.012113735227452738
0.01628011299509885,-0.003494411126173047,-0.007830042060872622,0.010497163591176917
0.012603810978135621,-0.00831333944080831,-0.013235511688192647,0.005023673167287246
0.007718088462311201,-0.012355431415200457,-0.016184426432075183,0.0038061957250674627
0.00846587819218625,-0.010054957961153632,-0.012619370711842881,0.008359969548844715
0.013375395735730877,-0.005193571466237168,-0.007943441545302521,0.012276825679515602
0.0158824469910393,-0.004093725122344294,-0.008076346750585217,0.010881953429557223
0.013426434649239483,-0.0072739078902191445,-0.011912514509934247,0.006584678290916246
0.00923906109515521,-0.011087876856869294,-0.015459638440962153,0.0036116614556588877
0.007334321071617633,-0.011722110955229237,-0.014372840635452244,0.006836571942085867
0.012157167834150773,-0.0062715832791852555,-0.008920218647460842,0.01161567086544002
0.015643225219490853,-0.0041716445842517325,-0.008390303305897573,0.010220519335603584
0.012605812251007265,-0.008170497598438076,-0.01297982524705421,0.005460551381038792
0.008294483084718418,-0.0118386126276534,-0.01597204161283816,0.0036077359997802594
0.00795157452101064,-0.01068528863570678,-0.013115738725094472,0.008210576874792153
0.013598042343165806,-0.0047417731882682945,-0.007415170825933348,0.012770503892621854
0.01627537915397448,-0.0038590304423750665,-0.008160977519947044,0.010318843964192637
0.012418413753369217,-0.00856740378996057,-0.013255415284391447,0.0055463972904868375
0.008707775104179027,-0.011249613134314218,-0.015391653874924638,0.003955785135472845
0.00795621103163835,-0.010970181874667306,-0.013669920617273734,0.007353391544604182
0.012434000428863612,-0.0061123725640857,-0.008598196139138897,0.012287630387085136
0.01658920803330094,-0.003168767089099883,-0.007562327900570737,0.010683284846107893
0.012672555462789892,-0.008341217946031487,-0.013206897851093413,0.005238435975905953
0.008058269645959903,-0.01203058213957181,-0.015927631047475854,0.003996119836596257
0.008561548724814128,-0.010078157668354237,-0.012745996815500316,0.008153905740676815
0.013082452131668643,-0.00554634922816416,-0.008197263642432312,0.012283770800635724
0.01611272606693548,-0.003771892937671134,-0.007674334016390394,0.011385109139001148
0.013941229038721525,-0.006805273135707168,-0.01143121751565701,0.007055901835766487
0.009555073963661287,-0.01097316415966526,-0.015449960468409019,0.0035798705854352963
0.007226180776351454,-0.011912130935353149,-0.014560195635855477,0.0066943095395990415
0.011997526932931768,-0.00647984003059493,-0.009086326183547266,0.011579206863861657
0.01569824673665532,-0.004056444910851886,-0.00811667059580884,0.010684775828577353
0.013100857781352948,-0.007776747595128586,-0.012673719666908723,0.005666126330414245
0.008301353755910124,-0.012049251169173658,-0.016291995265945214,0.003267093426656875
0.007572679733297449,-0.011134203821247302,-0.013574799096275736,0.007831688074333154
0.013297961025070582,-0.005046121906785772,-0.007784345711932872,0.012340972776993697
0.01579538886965931,-0.004340834749032907,-0.008444392201659157,0.010425977564363031
0.012853669370551102,-0.008009667187484137,-0.012695027287259963,0.006045654646195053
0.009067500377009208,-0.011054108692168607,-0.015349728532172313,0.003803085573992726
0.007556631977818529,-0.011568089418987015,-0.014298412695432139,0.006857209049937973
0.012092084058795971,-0.0064106724334088705,-0.008959600361205577,0.011858009875423903
0.01613695054800024,-0.00357545931740888,-0.007769498094343574,0.010802418523468527
0.013043134267045009,-0.007888504089961723,-0.012751326479972569,0.005658842902255712
0.008366555561924227,-0.011868296982253335,-0.015863147040590553,0.00399803751747535
0.008476081453615003,-0.010264617933550102,-0.012982370900388895,0.007931898968863815
0.012882238468873625,-0.00575180328154376,-0.008400168726713009,0.012113877567959203
0.015966269426781504,-0.0039675727448350295,-0.008013529231453848,0.010879132675604364
0.013315151532945074,-0.00752835336061608,-0.012159987369486258,0.006588396584489842
0.009502528198695903,-0.010782557166159501,-0.015241051475438416,0.0037335538054216744
0.007291184232608383,-0.012005579697412228,-0.014811120450367032,0.006422292632599691
0.011830494157165805,-0.006522484341458468,-0.008965639426034122,0.011952014985442266
0.01631688333084727,-0.003329997972036952,-0.00746364881281103,0.011125739020771658
0.013295782686544994,-0.007747196782612931,-0.01268599311429,0.005686133400532811
0.008347137020234457,-0.01197997331926004,-0.016107476753285194,0.0036492323550846584
0.00810460611834632,-0.010542767097137085,-0.012973378438680794,0.008363388744500155
0.013655745693973043,-0.004819016880103444,-0.00748390175916,0.012808600402504006
0.0162969154655056,-0.0039540937585674785,-0.00820319728304017,0.010521068822025248
0.012779896850345224,-0.0082219334002267,-0.012933521493351197,0.005868411345333752
0.00893691744112976,-0.011121909849791445,-0.01517471602285042,0.004357167472500673
0.008378481481774003,-0.010636154568788025,-0.013320950529151165,0.007718663247408997
0.012621958308710324,-0.006211800448181259,-0.008950719760695114,0.01171748422470742
0.01580773257454604,-0.004012738245395525,-0.008081120342320475,0.010758121548821636
0.013180049147780953,-0.00768942338739198,-0.01250348788699307,0.005909496331263475
0.008502019897764834,-0.011895918892027457,-0.01605282845894007,0.003592899207042699
0.007791754944489027,-0.011148794773832738,-0.013774258527324612,0.007518574999901773
0.01284770646390529,-0.005620766534581295,-0.008251114902194906,0.012254412255113561
0.016083658383126476,-0.0038031635908920003,-0.007594815454556425,0.0116045560859456
0.014123434541999325,-0.006770924879235418,-0.011408185961277684,0.007189937175325012
0.009697874805403794,-0.010960910967710569,-0.015564496871969369,0.003384302833661368
0.00692886487947697,-0.012302092933505482,-0.014922732835727814,0.006447105331912006
0.011795425033991225,-0.006686653962172107,-0.009152737399667543,0.01176433359847795
0.0159945678545928,-0.0038465434426674383,-0.008054929416621892,0.010579592649041625
0.01276694096713199,-0.00829899154290048,-0.01313538934647418,0.0054855467423597926
0.00834656116105581,-0.011925872457808018,-0.016062209941183847,0.003657108226983563
0.008007629813555017,-0.010825303732090674,-0.01352761474470282,0.0075047214133456275
0.012551021853495603,-0.006062166597558538,-0.008664216739433683,0.011962028914510703
0.0158867942415179,-0.004036151777508268,-0.008015495824414354,0.01099401038875858
0.013462944665905363,-0.007414221539714216,-0.012017901810370712,0.006777304641900406
0.009625992563292607,-0.010781215762509067,-0.015283375763492812,0.0036822624860824993
0.007142022592359132,-0.012284699217044615,-0.015095450825453438,0.006229882972542955
0.011663703869820408,-0.006745587854955604,-0.009194658997079164,0.011794024235189327
0.016193154941189947,-0.0034525151661196074,-0.00747267531147372,0.011312997631675925
0.013565201864290888,-0.0075319821602771175,-0.012523995386297171,0.00580461567188667
0.008341794479534537,-0.012147019419294247,-0.01634843309010442,0.0034179895865891763
0.007850824608574225,-0.010913829826849408,-0.013515202614304278,0.007685797423389318
0.012898677308971374,-0.005623514100152799,-0.008222518817728397,0.012320663440817503
0.016097303398908164,-0.0039646643056577,-0.008001425614666824,0.011025276696083303
0.013503840888820812,-0.007429873786619662,-0.012121364749066804,0.006627452929726163
0.00949097263709478,-0.010796263125220529,-0.014943165039445871,0.004559242332243807
0.00847403701277194,-0.010672693191233096,-0.013372664914638177,0.007732140508740992
0.012635165098727197,-0.006292751760629989,-0.009160175485870253,0.011369948245795236
0.01530389106830743,-0.0046073821111781155,-0.008525706212670903,0.010675284550885983
0.01338441801701079,-0.007392634924376806,-0.012126939037180207,0.006425223796885121
0.009066046685202112,-0.011450245120433078,-0.015848658628518697,0.003484992966741929
0.007356229732486785,-0.011843856543814202,-0.014549416555758532,0.006880208726531223
0.012410771559079742,-0.005998742722070877,-0.008696784883820974,0.011805049655190164
0.01573490998091301,-0.00409427956426317,-0.00792159144155738,0.01125815831013341
0.013804031781680881,-0.007110016749120096,-0.01177091102459435,0.0069709504697713365
0.009726224668072825,-0.010788425147679914,-0.015307023208187581,0.0037913860726521142
0.007461188491172888,-0.011782934133802908,-0.014491785337143626,0.0068107239266138875
0.012104931203608477,-0.00639425048840736,-0.008739258900452102,0.012389661163894894
0.016734709347365095,-0.00314996470118456,-0.007502015663213624,0.010910966414545697
0.012820028091945601,-0.00845103564914032,-0.013264435656239137,0.005558637736929856
0.008580340473365089,-0.011659958672615878,-0.01578394950372472,0.003972165227513119
0.008301117587443146,-0.01063532274354756,-0.013463312463495691,0.007446601306482226
0.012339510377681023,-0.0064430276667271635,-0.0091007002787028,0.011660644089848404
0.015764970727643324,-0.004091421718993599,-0.008022159281781072,0.011147156553650311
0.013795386460008996,-0.007010016658020812,-0.011637191784122869,0.007070548157107004
0.009773363242044197,-0.010754001413433967,-0.015227187609475085,0.0038992214116284063
0.007489659341426369,-0.011906135721965222,-0.014707246779592703,0.006621676499346724
0.01198608249944591,-0.006525789654765302,-0.009001337911255292,0.012008244429824316
0.016360252620691906,-0.0033121246703000096,-0.007119649688125923,0.012014652612706567
0.014429791610331422,-0.0067457130024293765,-0.011937745098665686,0.006072783809130261
0.00818408192476483,-0.012646404549028406,-0.016907667005912452,0.0030178172986081997
0.007575763976879729,-0.011210731991821155,-0.013847448449345767,0.007417697900909459
0.012710892845256394,-0.005798072750695632,-0.008375094654311466,0.01225034536453981
0.016071281445153934,-0.004025285483423652,-0.008062214582453181,0.011032534095706648
0.013522670339626675,-0.007496962411278146,-0.012241559224382498,0.006558474005390558
0.009478864699591166,-0.010870717965216103,-0.015225534300944449,0.004017174823659736
0.00772387286178991,-0.011556382580168612,-0.014269324329574395,0.007009630022323798
0.012163832698370514,-0.0065748769027106635,-0.009197264280081024,0.01171928387845353
0.015984541820052656,-0.0038012531197516852,-0.007737326036965947,0.011342269186602888
0.013819043388319407,-0.0071261136646105505,-0.01174916683040994,0.007055299374614771
0.009778698464255997,-0.010850412667613607,-0.015417941051102502,0.0036901148809972417
0.007258201763531258,-0.012210195634854926,-0.015058883806907453,0.006302571664803358
0.01174523067052502,-0.006774121553901197,-0.00948163598328347,0.011184787604303387
0.015308001292483442,-0.004391958931497991,-0.007962695259597197,0.011645371052895814
0.014505975724086045,-0.006333458985784246,-0.011019437843471758,0.007618797475403949
0.010130042983031273,-0.010654314232516338,-0.015338542034665503,0.003651749294455553
0.00717754380793828,-0.012204099197034468,-0.014931569474069262,0.006451868654390069
0.011802191398594841,-0.006742660365811393,-0.009222388762402334,0.011766087802133368
0.016027505109339174,-0.0037807021511921113,-0.007711233802985412,0.011353932967937158
0.013731416082005676,-0.007409583991473401,-0.012289286261236931,0.006311414635163992
0.008951465769876543,-0.011610776694296499,-0.01578402801373241,0.004062047469145291
0.008359258332218567,-0.010707687424632129,-0.01356606292093121,0.007406722373889174
0.012293160562829197,-0.006582607933000861,-0.009332564838120783,0.011328436592003777
0.01527193980805791,-0.004698787748099342,-0.00849920125136261,0.010991859469674736
0.01386707300493728,-0.006905028559685222,-0.01153067919001094,0.00721684451875676
0.00989231508321431,-0.010747648697728318,-0.015328295013116888,0.003695467905168448
0.007120790104589603,-0.012453015550652646,-0.01529863729212838,0.0061418796774211915
0.011624533337567466,-0.0068687684519649905,-0.00936249159873015,0.011676089549068236
0.016070751805012218,-0.003599953815855983,-0.007416040287449854,0.01173314254478558
0.014142855901388973,-0.007009146353941398,-0.011954270181275484,0.0064928839994920495
0.008930280797171064,-0.0118249124961895,-0.01619774999295659,0.0034617932631798576
0.007654078105871098,-0.011409657733858658,-0.01410530502837537,0.007210857667251103
0.012480268813656326,-0.006128444786480891,-0.008721995043074693,0.012022779352282575
0.015958761916351122,-0.004099336151985711,-0.00807019345381238,0.011129489272720117
0.013633937585735972,-0.007452104226871481,-0.012194023121103292,0.006677185896407811
0.009588463714417794,-0.010837754091373608,-0.015163218850111071,0.00421096197858517
0.007967531484756096,-0.011388587213141621,-0.014195117595714013,0.0070011600046954725
0.012036025759350255,-0.006829910206529288,-0.009509867490870932,0.011415395373769455
0.015674815626374877,-0.00411941269351912,-0.007935108978229383,0.011384051601317252
0.014031618177923005,-0.006924067049015492,-0.011711576909738453,0.00684999614010523
0.009326867140267148,-0.011431751578006355,-0.015854980503842986,0.003628954991638178
0.007528435571576175,-0.011815118167447514,-0.014661050536920184,0.0066602670031112865
0.01200431930735052,-0.00660738772056077,-0.009293970642537897,0.011437757975839957
0.015521074123786616,-0.004226232153793474,-0.007611775931713055,0.012325072165436546
0.015352901445489564,-0.005473084733291167,-0.010126147559180454,0.008447578990452898
0.010670347933638136,-0.010428354686824348,-0.015307370977205359,0.003476881190831116
0.006698944246131655,-0.012918271515227842,-0.015617741813141961,0.005986672868446785
0.011498774541789047,-0.007011312688875393,-0.009410817906993385,0.01175188440701952
0.016125442080260677,-0.003683922036417764,-0.007638307863450378,0.011378773312169521
0.013612960175065358,-0.007670741640445955,-0.012495922276169968,0.006320598488025797
0.00909907639840113,-0.011530193213054651,-0.015934366660972255,0.003629426135184355
0.007695642711648243,-0.011505821890335055,-0.014374404983653999,0.006722587778006994
0.011778115077954399,-0.00698699940697195,-0.009623620182758696,0.011245306559289514
0.01539846287017288,-0.004444700256565681,-0.008110083040936189,0.011521130030108073
0.014405752868925092,-0.006449211159663848,-0.011081842037514167,0.007710992784672632
0.010338137171528872,-0.010400602852981888,-0.015000237108725056,0.004013950997618587
0.007311672315213347,-0.012432380976599433,-0.015371236969954738,0.005999062841282599
0.01134809465296871,-0.007265214008401133,-0.009727252171632839,0.011467165676695423
0.015978513011608325,-0.0036173854111468118,-0.007230847387001332,0.012205755001784169
0.014755282487866617,-0.006437449866481204,-0.011495349409257116,0.00675569793041364
0.008891485867816129,-0.012119927089038196,-0.016540006498075965,0.0032207592408445285
0.007471600042858739,-0.011660315239654662,-0.014491626181862283,0.006712410685044412
0.011916389060415922,-0.00674035317024152,-0.009342232288296115,0.011483337176340452
